content,summary
蒙卦代表什么？,"在周易中，蒙卦代表着通泰的格局。卦象为艮上坎下，意味着山下有泉，波涌的情形。《象辞》中解释说，君子观此卦象，取法于一往无前的山泉，从而以果敢坚毅的行动来培养自身的品德。

蒙卦的核心哲学是：这是一个启蒙的过程，开始时可能面临迷惑和混乱，需要忍耐等待时机，倾听他人意见，通过果敢的行动来扭转局面。

蒙卦的传统解卦中指出，初时迷惑不知方向，需要须忍耐待机而动，凡事多听取别人意见，则运可通。因此，在事业、经商、求名、婚恋等方面应当注重实际，接受严格教育和考验，培养果敢坚毅的品质，始能取得成功。"
周易中的蒙卦含义是什么？,"在；周易中，蒙，卦代表着通、泰的格局。卦象为艮上。坎下，意味着山下有泉，波涌的情，，形。《象辞。》中解释说，君子观此卦象，取法于一往无前；的山泉，从而以果敢坚毅的行动来，培养自身的，品德。

蒙卦的核心哲学是：这是一个启蒙的过程，开、始时可能面临迷惑和混，，乱，需要忍耐等待时机，倾听他人意见，通过果敢的行动来扭转局面。

蒙卦的传统解卦中指出，初时迷惑不知方向，需要，须忍耐待机而动，凡事多听取别人；意见，则运；可通。因此，在事业、，经商、求名、婚恋等方面应当注重，，实际，接受严格教育和考验，培养；果敢坚毅的品质，始能取得成功。，"
请解释一下蒙卦。,"在周易中，蒙卦代表着通泰的格局。卦象为艮上坎下，意味着山下有泉，波涌的情形。《象辞》中解释说，君子观此卦象，取法于一往无前的山泉，从而以果敢坚毅的行动来培养自身的品德。

蒙卦的核心哲学是：这是一个启蒙的过程，开始时可能面临迷惑和混乱，需要忍耐等待时机，倾听他人意见，通过果敢的行动来扭转局面。

蒙卦的传统解卦中指出，初时迷惑不知方向，需要须忍耐待机而动，凡事多听取别人意见，则运可通。因此，在事业、经商、求名、婚恋等方面应当注重实际，接受严格教育和考验，培养果敢坚毅的品质，始能取得成功。"
蒙卦在周易中是什么象征？,"在周易中，蒙卦代表着通泰的格局。卦象为艮上坎下，意味着山下有泉，波涌的情形。《象辞》中解释说，君子观此卦象，取法于一往无前的山泉，从而以果敢坚毅的行动来培养自身的品德。

蒙卦的核心哲学是：这是一个启蒙的过程，开始时可能面临迷惑和混乱，需要忍耐等待时机，倾听他人意见，通过果敢的行动来扭转局面。

蒙卦的传统解卦中指出，初时迷惑不知方向，需要须忍耐待机而动，凡事多听取别人意见，则运可通。因此，在事业、经商、求名、婚恋等方面应当注重实际，接受严格教育和考验，培养果敢坚毅的品质，始能取得成功。"
周易蒙卦的深层含义是什么？,"在周易中，蒙卦代表着通泰的格局。卦象为艮上坎下，意味着山下有泉，波涌的情形。《象辞》中解释说，君子观此卦象，取法于一往无前的山泉，从而以果敢坚毅的行动来培养自身的品德。

蒙卦的核心哲学是：这是一个启蒙的过程，开始时可能面临迷惑和混乱，需要忍耐等待时机，倾听他人意见，通过果敢的行动来扭转局面。

蒙卦的传统解卦中指出，初时迷惑不知方向，需要须忍耐待机而动，凡事多听取别人意见，则运可通。因此，在事业、经商、求名、婚恋等方面应当注重实际，接受严格教育和考验，培养果敢坚毅的品质，始能取得成功。"
蒙卦和教育启蒙有什么联系？,"在周易中，蒙卦代表着通泰的格局。。卦象为艮上坎下，意味着山下有泉，波涌的情形。《象辞》中解释说，君子观此卦象，取法于一往无前的山泉，从而以果敢坚毅的行动来培养自身的，，品德。

蒙卦的核心；哲学是：这是一个启蒙、的过程，开始时可能面临迷惑和混，，乱，需要忍耐等待时机。，倾听他人，意见，通过；果敢的行动，来扭转局面。

蒙卦的传统解卦中指出，初时迷惑不知方向，需要、须忍耐待机，而动，凡事。多听取别人意见，则运可通。因此，在事业、经商、求名、婚恋等方面应当注重实际，接受严格教育和考验，培养果敢坚毅的，，品质，始能，取得成功。"
周易的蒙卦讲述了什么？,"在周易中，蒙卦代表着通泰的格局。卦象为艮上坎下，意味着山下有泉，波涌的情形。《象辞》中解释说，，君子观此卦象，取法于一往无前。的山泉，从，而以果敢坚，毅的行动来培养自身的。品德。

；蒙卦的核心。哲学是：这是一个启蒙的过程，开始时可能面；临迷惑和混乱，需要忍，耐等待时机，倾听他人意见，通过果敢的行动来扭转局面，。

蒙卦、的传统解卦中指出，初。时迷惑不知；方向，需要。须忍耐待机。而动，凡事多听取别人，，意见，则运，，可通。因此，在事业、经商、求名、婚恋等方面应当注重；实际，接受严格教育和考验，培养果敢坚毅的，品质，始能取得成功。；"
蒙卦是怎样的一个卦象？,"在周易中，蒙卦代表着通泰的格局。卦象为艮上坎下，意味着山下有泉、，波涌的情，形。《象辞》中解释说，君子观此，，卦象，取法于一往无前的山泉，从而以果敢坚、毅的行动来培养自身的品德。

蒙卦的核心，哲学是：这是一个启蒙的过程，开始时可能面临迷惑和混乱，需要忍耐等待时机，倾听他人意见，通过果敢的行动来扭转局面。

蒙卦的传统解卦中指出，初。时迷惑不知方向，需要须忍耐待机。而动，凡事、多听取别人意见，则运，，可通。因此，在事业、经商、求名、、婚恋等方面应当注重实际，接受严格教育和。考验，培养果敢坚毅的品质，始能取得成功。；"
蒙卦在周易中怎样表达教育的概念？,"在周易中，蒙、卦代表着通泰的格局。。卦象为艮上，坎下，意味着山下有泉、，波涌的情形。《象辞》中解释说，君子观此，卦象，取法。于一往无前。的山泉，从而以果敢坚毅的行动来；培养自身的品德。

蒙卦的核心哲学是：这是一个启蒙的过程，开始时可能面临迷惑和混乱，需要忍耐等待时机，倾听他人意见，通过果敢的行动来扭转局面。

蒙卦的传统解卦中指出，初；时迷惑不知方向，需要、须忍耐待机，而动，凡事多听取别人意见，则运可通。因此，在事业、经商、求名、婚恋等方面应当注重实际，接受严格教育和考验，培养果敢坚毅的，品质，始能取得成功。"
蒙卦的基本意义是什么？,"在周易中，蒙卦代表着通泰的格局。卦象为艮上坎下，意味着山下有泉，波涌的情形。《象辞》中解释说，君子观此卦象，取法于一往无前的山泉，从而以果敢坚毅的行动来培养自身的品德。

蒙卦的核心哲学是：这是一个启蒙的过程，开始时可能面临迷惑和混乱，需要忍耐等待时机，倾听他人意见，通过果敢的行动来扭转局面。

蒙卦的传统解卦中指出，初时迷惑不知方向，需要须忍耐待机而动，凡事多听取别人意见，则运可通。因此，在事业、经商、求名、婚恋等方面应当注重实际，接受严格教育和考验，培养果敢坚毅的品质，始能取得成功。"
周易中蒙卦的解释是什么？,"在，，周易中，蒙卦代表着通泰的格局。。卦象为艮上，坎下，意味，，着山下有泉，波涌的情，，形。《象辞》中解释说，君子观此、卦象，取法于一往无前、的山泉，从而以果敢坚毅的行动来培养自身的；品德。

蒙卦的核心；哲学是：这；是一个启蒙的过程，开始时可能面临迷惑和混乱，需要忍耐等待时机，倾听他人意见，通过果敢的行动，，来扭转局面；。

蒙卦的传统解卦；中指出，初、时迷惑不知方向，需要须忍耐待机而动，凡事。多听取别人，，意见，则运、可通。因此，在事业、经商、求名、婚恋等方面应当注重实际，接受严格教育和；考验，培养；果敢坚毅的品质，始能、取得成功。"
蒙卦在周易中代表了哪些方面？,"在周易中，蒙卦代表着通泰的格局。卦象为艮上坎下，意味着山下有泉，波涌的情形。《象辞》中解释说，君子观此卦象，取法于一往无前的山泉，从而以果敢坚毅的行动来培养自身的品德。

蒙卦的核心哲学是：这是一个启蒙的过程，开始时可能面临迷惑和混乱，需要忍耐等待时机，倾听他人意见，通过果敢的行动来扭转局面。

蒙卦的传统解卦中指出，初时迷惑不知方向，需要须忍耐待机而动，凡事多听取别人意见，则运可通。因此，在事业、经商、求名、婚恋等方面应当注重实际，接受严格教育和考验，培养果敢坚毅的品质，始能取得成功。"
蒙卦涉及哪些哲学思想？,"在，，周易中，蒙，卦代表着通泰的格局。卦象为艮上，，坎下，意味着山下有泉；，波涌的情形。《象辞。》中解释说，君子观此卦象，取法于一往无前的山泉，从而以果敢坚毅的行动来培养自身的品德。

、蒙卦的核心哲学是：这是一个启蒙的过程，开始时可能面，，临迷惑和混乱，需要忍。耐等待时机，倾听他人意见，通过果敢的行动，，来扭转局面。

蒙卦的传统解卦中指出，初时迷惑不知、方向，需要须忍耐待机而动，凡事多听取别人意见，则运可通。因此，在事业、经商、求名、婚恋等方面应当注重实际，接受严格教育和，，考验，培养果敢坚毅的品质，始能取得成功。"
周易中蒙卦的象征意义是什么？,"在周易中，蒙卦代表着通泰的格局。卦象为艮上坎下，意味着山下有泉，波涌的情形。《象辞》中解释说，君子观此卦象，取法于一往无前的山泉，从而以果敢坚毅的行动来培养自身的品德。

蒙卦的核心哲学是：这是一个启蒙的过程，开始时可能面临迷惑和混乱，需要忍耐等待时机，倾听他人意见，通过果敢的行动来扭转局面。

蒙卦的传统解卦中指出，初时迷惑不知方向，需要须忍耐待机而动，凡事多听取别人意见，则运可通。因此，在事业、经商、求名、婚恋等方面应当注重实际，接受严格教育和考验，培养果敢坚毅的品质，始能取得成功。"
蒙卦的主要讲述内容是什么？,"在周易中，蒙卦代表着通泰的格局。卦象为艮上坎下，意味着山下有泉，波涌的情形。《象辞》中解释说，君子观此卦象，取法于一往无前的山泉，从而以果敢坚毅的行动来培养自身的品德。

蒙卦的核心哲学是：这是一个启蒙的过程，开始时可能面临迷惑和混乱，需要忍耐等待时机，倾听他人意见，通过果敢的行动来扭转局面。

蒙卦的传统解卦中指出，初时迷惑不知方向，需要须忍耐待机而动，凡事多听取别人意见，则运可通。因此，在事业、经商、求名、婚恋等方面应当注重实际，接受严格教育和考验，培养果敢坚毅的品质，始能取得成功。"
周易蒙卦的核心思想是什么？,"在，，周易中，蒙卦代表着通泰的格局。卦象为艮上坎下，意味着山下有泉、，波涌的情形。《象辞》中解释说，君子观此。卦象，取法于一往无前的山泉，从，，而以果敢坚毅的行动来培养自身的品德。

，，蒙卦的核心，，哲学是：这是一个启蒙的过程，开；始时可能面临迷惑和混；乱，需要忍耐等待时机，倾听他人；意见，通过、果敢的行动来扭转局面。

蒙卦的传统解卦中指出，初，时迷惑不知方向，需要须忍耐待机；而动，凡事多听取别人意见，则运可通。因此，，，在事业、经商、求名、婚恋等方面应当注重实际，接受严格教育和。考验，培养，果敢坚毅的品质，始能取得成功。"
蒙卦和启蒙教育之间有何联系？,"在周易中，蒙卦代表着通泰的格局。卦象为艮上坎下，意味着山下有泉，波涌的情形。《象辞》中解释说，君子观此卦象，取法于一往无前的山泉，从而以果敢坚毅的行动来培养自身的品德。

蒙卦的核心哲学是：这是一个启蒙的过程，开始时可能面临迷惑和混乱，需要忍耐等待时机，倾听他人意见，通过果敢的行动来扭转局面。

蒙卦的传统解卦中指出，初时迷惑不知方向，需要须忍耐待机而动，凡事多听取别人意见，则运可通。因此，在事业、经商、求名、婚恋等方面应当注重实际，接受严格教育和考验，培养果敢坚毅的品质，始能取得成功。"
在周易中，蒙卦象征着什么？,"在周易中，蒙卦代表着通泰的格局。卦象为艮上坎下，意味着山下有泉，波涌的情形。《象辞》中解释说，君子观此卦象，取法于一往无前的山泉，从而以果敢坚毅的行动来培养自身的品德。

蒙卦的核心哲学是：这是一个启蒙的过程，开始时可能面临迷惑和混乱，需要忍耐等待时机，倾听他人意见，通过果敢的行动来扭转局面。

蒙卦的传统解卦中指出，初时迷惑不知方向，需要须忍耐待机而动，凡事多听取别人意见，则运可通。因此，在事业、经商、求名、婚恋等方面应当注重实际，接受严格教育和考验，培养果敢坚毅的品质，始能取得成功。"
请描述蒙卦的含义。,"在周易中，蒙卦代表着通泰的格局。卦象为艮上坎下，意味着山下有泉，波涌的情形。《象辞》中解释说，君子观此卦象，取法于一往无前的山泉，从而以果敢坚毅的行动来培养自身的品德。

蒙卦的核心哲学是：这是一个启蒙的过程，开始时可能面临迷惑和混乱，需要忍耐等待时机，倾听他人意见，通过果敢的行动来扭转局面。

蒙卦的传统解卦中指出，初时迷惑不知方向，需要须忍耐待机而动，凡事多听取别人意见，则运可通。因此，在事业、经商、求名、婚恋等方面应当注重实际，接受严格教育和考验，培养果敢坚毅的品质，始能取得成功。"
蒙卦在周易哲学中扮演什么角色？,"在周易中，蒙卦代表着通泰的格局。卦象为艮上坎下，意味着山下有泉，波涌的情形。《象辞》中解释说，君子观此卦象，取法于一往无前的山泉，从而以果敢坚毅的行动来培养自身的品德。

蒙卦的核心哲学是：这是一个启蒙的过程，开始时可能面临迷惑和混乱，需要忍耐等待时机，倾听他人意见，通过果敢的行动来扭转局面。

蒙卦的传统解卦中指出，初时迷惑不知方向，需要须忍耐待机而动，凡事多听取别人意见，则运可通。因此，在事业、经商、求名、婚恋等方面应当注重实际，接受严格教育和考验，培养果敢坚毅的品质，始能取得成功。"
"{
  ""content"": ""屯卦"",
  ""summary"": ""在周易中，屯卦代表着大吉大利、吉利的占卜，但不利于出门，有利于建国封侯。其卦象为坎上震下，代表着困难和动而逢险的象征，需要刚毅果敢的态度才能取得吉利。君子观此卦象，取法于云雷，用云的恩泽，雷的威严来治理国事。"",
  ""interpretation"": ""屯卦的核心哲学是：万物始生，开始困难；先劳后逸，苦尽甘来。得此卦者，身处困境，宜守不宜进，须多加辛苦努力，排除困难，方可通达，有初难后解之象。在事业上，起初多有不利，要知难而进，小心翼翼，勇往直前，灵活机动，可望获得大的成功，时机到来时一定要抓住，却也不得操之太急，且仍有困难，务必有他人相助，故平时应多施恩惠。在经商方面，创业初期步履艰难，多有挫折。坚定信念最重要，不要为表面现象所迷惑，应积极进取，行动果断，打开出路。若仍无法摆脱困境，则应退守保全，等待机会，再展宏图。而在婚恋中，好事多磨，忠贞纯洁，大胆追求，能够成功，婚姻美满。""
}
``代表什么？","{
  ""content"": ""屯卦"",
  ""summary"": ""在周易中，屯卦代表着大吉大利、吉利的占卜，但不利于出门，有利于建国封侯。其卦象为坎上震下，代表着困难和动而逢险的象征，需要刚毅果敢的态度才能取得吉利。君子观此卦象，取法于云雷，用云的恩泽，雷的威严来治理国事。"",
  ""interpretation"": ""屯卦的核心哲学是：万物始生，开始困难；先劳后逸，苦尽甘来。得此卦者，身处困境，宜守不宜进，须多加辛苦努力，排除困难，方可通达，有初难后解之象。在事业上，起初多有不利，要知难而进，小心翼翼，勇往直前，灵活机动，可望获得大的成功，时机到来时一定要抓住，却也不得操之太急，且仍有困难，务必有他人相助，故平时应多施恩惠。在经商方面，创业初期步履艰难，多有挫折。坚定信念最重要，不要为表面现象所迷惑，应积极进取，行动果断，打开出路。若仍无法摆脱困境，则应退守保全，等待机会，再展宏图。而在婚恋中，好事多磨，忠贞纯洁，大胆追求，能够成功，婚姻美满。"
"周易中的{
  ""content"": ""屯卦"",
  ""summary"": ""在周易中，屯卦代表着大吉大利、吉利的占卜，但不利于出门，有利于建国封侯。其卦象为坎上震下，代表着困难和动而逢险的象征，需要刚毅果敢的态度才能取得吉利。君子观此卦象，取法于云雷，用云的恩泽，雷的威严来治理国事。"",
  ""interpretation"": ""屯卦的核心哲学是：万物始生，开始困难；先劳后逸，苦尽甘来。得此卦者，身处困境，宜守不宜进，须多加辛苦努力，排除困难，方可通达，有初难后解之象。在事业上，起初多有不利，要知难而进，小心翼翼，勇往直前，灵活机动，可望获得大的成功，时机到来时一定要抓住，却也不得操之太急，且仍有困难，务必有他人相助，故平时应多施恩惠。在经商方面，创业初期步履艰难，多有挫折。坚定信念最重要，不要为表面现象所迷惑，应积极进取，行动果断，打开出路。若仍无法摆脱困境，则应退守保全，等待机会，再展宏图。而在婚恋中，好事多磨，忠贞纯洁，大胆追求，能够成功，婚姻美满。""
}
``含义是什么？","{
  ""content"": ""屯卦"",
  ""summary"": ""在周易中，屯卦代表着大吉大利、吉利的占卜，但不利于出门，有利于建国封侯。其卦象为坎上震下，代表着困难和动而逢险的象征，需要刚毅果敢的态度才能取得吉利。君子观此卦象，取法于云雷，用云的恩泽，雷的威严来治理国事。"",
  ""interpretation"": ""屯卦的核心哲学是：万物始生，开始困难；先劳后逸，苦尽甘来。得此卦者，身处困境，宜守不宜进，须多加辛苦努力，排除困难，方可通达，有初难后解之象。在事业上，起初多有不利，要知难而进，小心翼翼，勇往直前，灵活机动，可望获得大的成功，时机到来时一定要抓住，却也不得操之太急，且仍有困难，务必有他人相助，故平时应多施恩惠。在经商方面，创业初期步履艰难，多有挫折。坚定信念最重要，不要为表面现象所迷惑，应积极进取，行动果断，打开出路。若仍无法摆脱困境，则应退守保全，等待机会，再展宏图。而在婚恋中，好事多磨，忠贞纯洁，大胆追求，能够成功，婚姻美满。"
"请解释一下{
  ""content"": ""屯卦"",
  ""summary"": ""在周易中，屯卦代表着大吉大利、吉利的占卜，但不利于出门，有利于建国封侯。其卦象为坎上震下，代表着困难和动而逢险的象征，需要刚毅果敢的态度才能取得吉利。君子观此卦象，取法于云雷，用云的恩泽，雷的威严来治理国事。"",
  ""interpretation"": ""屯卦的核心哲学是：万物始生，开始困难；先劳后逸，苦尽甘来。得此卦者，身处困境，宜守不宜进，须多加辛苦努力，排除困难，方可通达，有初难后解之象。在事业上，起初多有不利，要知难而进，小心翼翼，勇往直前，灵活机动，可望获得大的成功，时机到来时一定要抓住，却也不得操之太急，且仍有困难，务必有他人相助，故平时应多施恩惠。在经商方面，创业初期步履艰难，多有挫折。坚定信念最重要，不要为表面现象所迷惑，应积极进取，行动果断，打开出路。若仍无法摆脱困境，则应退守保全，等待机会，再展宏图。而在婚恋中，好事多磨，忠贞纯洁，大胆追求，能够成功，婚姻美满。""
}
``。","{；
  ""content"": ""屯卦"",
，  ""summary"": ""在，，周易中，屯；卦代表着大吉大利、吉利的占卜，但不利于出门，有利于建国封侯。其卦象为坎上震下，代表着困难和动而逢险的象征，需要刚毅果敢的、态度才能取；得吉利。君子观此卦象，取法于云、雷，用云的恩泽，雷的威严来治理国事。"",
  ""i，nterpretation"":。 ""屯卦的核心哲学是：万物始生、，开始困难。；先劳后逸，苦尽甘来，，。得此卦者。，身处困境，宜守不宜。进，须多加辛苦努力，排除困难，。方可通达，有初难后解之象。在事业上，起初，多有不利，、要知难而进，小心翼翼、，勇往直前、，灵活机动；，可望获得大的成功，时机到来时一定要抓住，却也不得操之太急，，，且仍有困难，，，务必有他，，人相助，故平时应多施恩惠。在经；商方面，创业初期步履艰难，多有；挫折。坚定，信念最重要，不要为表。面现象所迷，，惑，应积极进取，行动果断，打开出路。若仍无法摆脱困境，则应退守保全，等，待机会，再展宏图。而在婚恋中，好事多磨，忠贞纯洁，；大胆追求，能够成功，婚姻美满。"
"{
  ""content"": ""屯卦"",
  ""summary"": ""在周易中，屯卦代表着大吉大利、吉利的占卜，但不利于出门，有利于建国封侯。其卦象为坎上震下，代表着困难和动而逢险的象征，需要刚毅果敢的态度才能取得吉利。君子观此卦象，取法于云雷，用云的恩泽，雷的威严来治理国事。"",
  ""interpretation"": ""屯卦的核心哲学是：万物始生，开始困难；先劳后逸，苦尽甘来。得此卦者，身处困境，宜守不宜进，须多加辛苦努力，排除困难，方可通达，有初难后解之象。在事业上，起初多有不利，要知难而进，小心翼翼，勇往直前，灵活机动，可望获得大的成功，时机到来时一定要抓住，却也不得操之太急，且仍有困难，务必有他人相助，故平时应多施恩惠。在经商方面，创业初期步履艰难，多有挫折。坚定信念最重要，不要为表面现象所迷惑，应积极进取，行动果断，打开出路。若仍无法摆脱困境，则应退守保全，等待机会，再展宏图。而在婚恋中，好事多磨，忠贞纯洁，大胆追求，能够成功，婚姻美满。""
}
``在周易中是什么象征？","{；
  ""conten，，t"": ""屯卦"",
  ""su；mmary"": ""在周易中，屯。卦代表着大吉大利、吉、利的占卜，；但不利于出门，有利于建国封侯。，，其卦象为坎上震下，代。表着困难和，，动而逢险的；象征，需要。刚毅果敢的态度才能取得吉利。君子观此卦象，取法于云雷，用云的恩泽，雷的威严来治理。国事。"",，
  ""interpretation"":、 ""屯卦的核心哲学是：万物始生，开始困难；先劳后逸，苦尽甘来。得此卦者，身处困境。，宜守不宜进，须多加辛苦努力，排除困难，方可通达，、有初难后解，之象。在事；业上，起初多有不利，要知难而进；，小心翼翼，勇往直前，，，灵活机动，可望获得大的成功，，时机到来时一定要抓住；，却也不得，操之太急，且仍有困难，务必有他人相助，故平时应多施恩惠。在经商方面，创；业初期步履；艰难，多有挫折。坚定，信念最重要，不要为表。面现象所迷惑，应积极进取，行动果断，打开出路。若仍无法摆脱困，，境，则应退守保全，等待机会，再展宏图。而在婚恋中，好事多磨，忠贞纯洁，。大胆追求，；能够成功，。婚姻美满。。"
"周易{
  ""content"": ""屯卦"",
  ""summary"": ""在周易中，屯卦代表着大吉大利、吉利的占卜，但不利于出门，有利于建国封侯。其卦象为坎上震下，代表着困难和动而逢险的象征，需要刚毅果敢的态度才能取得吉利。君子观此卦象，取法于云雷，用云的恩泽，雷的威严来治理国事。"",
  ""interpretation"": ""屯卦的核心哲学是：万物始生，开始困难；先劳后逸，苦尽甘来。得此卦者，身处困境，宜守不宜进，须多加辛苦努力，排除困难，方可通达，有初难后解之象。在事业上，起初多有不利，要知难而进，小心翼翼，勇往直前，灵活机动，可望获得大的成功，时机到来时一定要抓住，却也不得操之太急，且仍有困难，务必有他人相助，故平时应多施恩惠。在经商方面，创业初期步履艰难，多有挫折。坚定信念最重要，不要为表面现象所迷惑，应积极进取，行动果断，打开出路。若仍无法摆脱困境，则应退守保全，等待机会，再展宏图。而在婚恋中，好事多磨，忠贞纯洁，大胆追求，能够成功，婚姻美满。""
}
``的深层含义是什么？","{
  ""content"": ""屯卦"",
  ""summary"": ""在周易中，屯卦代表着大吉大利、吉利的占卜，但不利于出门，有利于建国封侯。其卦象为坎上震下，代表着困难和动而逢险的象征，需要刚毅果敢的态度才能取得吉利。君子观此卦象，取法于云雷，用云的恩泽，雷的威严来治理国事。"",
  ""interpretation"": ""屯卦的核心哲学是：万物始生，开始困难；先劳后逸，苦尽甘来。得此卦者，身处困境，宜守不宜进，须多加辛苦努力，排除困难，方可通达，有初难后解之象。在事业上，起初多有不利，要知难而进，小心翼翼，勇往直前，灵活机动，可望获得大的成功，时机到来时一定要抓住，却也不得操之太急，且仍有困难，务必有他人相助，故平时应多施恩惠。在经商方面，创业初期步履艰难，多有挫折。坚定信念最重要，不要为表面现象所迷惑，应积极进取，行动果断，打开出路。若仍无法摆脱困境，则应退守保全，等待机会，再展宏图。而在婚恋中，好事多磨，忠贞纯洁，大胆追求，能够成功，婚姻美满。"
"{
  ""content"": ""屯卦"",
  ""summary"": ""在周易中，屯卦代表着大吉大利、吉利的占卜，但不利于出门，有利于建国封侯。其卦象为坎上震下，代表着困难和动而逢险的象征，需要刚毅果敢的态度才能取得吉利。君子观此卦象，取法于云雷，用云的恩泽，雷的威严来治理国事。"",
  ""interpretation"": ""屯卦的核心哲学是：万物始生，开始困难；先劳后逸，苦尽甘来。得此卦者，身处困境，宜守不宜进，须多加辛苦努力，排除困难，方可通达，有初难后解之象。在事业上，起初多有不利，要知难而进，小心翼翼，勇往直前，灵活机动，可望获得大的成功，时机到来时一定要抓住，却也不得操之太急，且仍有困难，务必有他人相助，故平时应多施恩惠。在经商方面，创业初期步履艰难，多有挫折。坚定信念最重要，不要为表面现象所迷惑，应积极进取，行动果断，打开出路。若仍无法摆脱困境，则应退守保全，等待机会，再展宏图。而在婚恋中，好事多磨，忠贞纯洁，大胆追求，能够成功，婚姻美满。""
}
``和教育启蒙有什么联系？","{
  ""content"": ""屯卦"",
  ""summary"": ""在周易中，屯卦代表着大吉大利、吉利的占卜，但不利于出门，有利于建国封侯。其卦象为坎上震下，代表着困难和动而逢险的象征，需要刚毅果敢的态度才能取得吉利。君子观此卦象，取法于云雷，用云的恩泽，雷的威严来治理国事。"",
  ""interpretation"": ""屯卦的核心哲学是：万物始生，开始困难；先劳后逸，苦尽甘来。得此卦者，身处困境，宜守不宜进，须多加辛苦努力，排除困难，方可通达，有初难后解之象。在事业上，起初多有不利，要知难而进，小心翼翼，勇往直前，灵活机动，可望获得大的成功，时机到来时一定要抓住，却也不得操之太急，且仍有困难，务必有他人相助，故平时应多施恩惠。在经商方面，创业初期步履艰难，多有挫折。坚定信念最重要，不要为表面现象所迷惑，应积极进取，行动果断，打开出路。若仍无法摆脱困境，则应退守保全，等待机会，再展宏图。而在婚恋中，好事多磨，忠贞纯洁，大胆追求，能够成功，婚姻美满。"
"周易的{
  ""content"": ""屯卦"",
  ""summary"": ""在周易中，屯卦代表着大吉大利、吉利的占卜，但不利于出门，有利于建国封侯。其卦象为坎上震下，代表着困难和动而逢险的象征，需要刚毅果敢的态度才能取得吉利。君子观此卦象，取法于云雷，用云的恩泽，雷的威严来治理国事。"",
  ""interpretation"": ""屯卦的核心哲学是：万物始生，开始困难；先劳后逸，苦尽甘来。得此卦者，身处困境，宜守不宜进，须多加辛苦努力，排除困难，方可通达，有初难后解之象。在事业上，起初多有不利，要知难而进，小心翼翼，勇往直前，灵活机动，可望获得大的成功，时机到来时一定要抓住，却也不得操之太急，且仍有困难，务必有他人相助，故平时应多施恩惠。在经商方面，创业初期步履艰难，多有挫折。坚定信念最重要，不要为表面现象所迷惑，应积极进取，行动果断，打开出路。若仍无法摆脱困境，则应退守保全，等待机会，再展宏图。而在婚恋中，好事多磨，忠贞纯洁，大胆追求，能够成功，婚姻美满。""
}
``讲述了什么？","{，
  ""c；ontent"": ""屯卦"",
。  ""su、mmary"": ""在周易中，屯卦代表着大吉大利、吉利的占卜，但不利于出门，有利于建国封侯。其卦象为坎上震下，代表着困难和动而逢险的象征，需要。刚毅果敢的态度才能取得吉利。君子观此卦象，取法于云雷，用云的恩泽，雷的威严来治理国事。"",，，
  ""interp，retation"": ""屯卦的核心哲学是。：万物始生，开始困难；先劳后逸，苦尽甘来。得此卦者，身处困境，宜守不宜，进，须多加辛苦努力，，，排除困难，方可通达，有初难后解，，之象。在事业上，起初多有不利，要知难而进，小心翼翼，勇往直前，灵活机动。，可望获得大的成功，时机到来时；一定要抓住，却也不得操之太急，且仍有困难，务必有他人相助，故平时应多施恩惠。在经商方面，创业初期步履艰难，多有挫折。坚定信念最重要、，不要为表面现象所迷惑，应积极进取，行动、果断，打开出路。若仍无法摆脱困境，则应退守保全，等，，待机会，再展宏图。而在婚恋中，好事多磨，；忠贞纯洁，，大胆追求，能够成功，。婚姻美满。"
"{
  ""content"": ""屯卦"",
  ""summary"": ""在周易中，屯卦代表着大吉大利、吉利的占卜，但不利于出门，有利于建国封侯。其卦象为坎上震下，代表着困难和动而逢险的象征，需要刚毅果敢的态度才能取得吉利。君子观此卦象，取法于云雷，用云的恩泽，雷的威严来治理国事。"",
  ""interpretation"": ""屯卦的核心哲学是：万物始生，开始困难；先劳后逸，苦尽甘来。得此卦者，身处困境，宜守不宜进，须多加辛苦努力，排除困难，方可通达，有初难后解之象。在事业上，起初多有不利，要知难而进，小心翼翼，勇往直前，灵活机动，可望获得大的成功，时机到来时一定要抓住，却也不得操之太急，且仍有困难，务必有他人相助，故平时应多施恩惠。在经商方面，创业初期步履艰难，多有挫折。坚定信念最重要，不要为表面现象所迷惑，应积极进取，行动果断，打开出路。若仍无法摆脱困境，则应退守保全，等待机会，再展宏图。而在婚恋中，好事多磨，忠贞纯洁，大胆追求，能够成功，婚姻美满。""
}
``是怎样的一个卦象？","{
  ""content"": ""屯卦"",
  ""summary"": ""在周易中，屯卦代表着大吉大利、吉利的占卜，但不利于出门，有利于建国封侯。其卦象为坎上震下，代表着困难和动而逢险的象征，需要刚毅果敢的态度才能取得吉利。君子观此卦象，取法于云雷，用云的恩泽，雷的威严来治理国事。"",
  ""interpretation"": ""屯卦的核心哲学是：万物始生，开始困难；先劳后逸，苦尽甘来。得此卦者，身处困境，宜守不宜进，须多加辛苦努力，排除困难，方可通达，有初难后解之象。在事业上，起初多有不利，要知难而进，小心翼翼，勇往直前，灵活机动，可望获得大的成功，时机到来时一定要抓住，却也不得操之太急，且仍有困难，务必有他人相助，故平时应多施恩惠。在经商方面，创业初期步履艰难，多有挫折。坚定信念最重要，不要为表面现象所迷惑，应积极进取，行动果断，打开出路。若仍无法摆脱困境，则应退守保全，等待机会，再展宏图。而在婚恋中，好事多磨，忠贞纯洁，大胆追求，能够成功，婚姻美满。"
"{
  ""content"": ""屯卦"",
  ""summary"": ""在周易中，屯卦代表着大吉大利、吉利的占卜，但不利于出门，有利于建国封侯。其卦象为坎上震下，代表着困难和动而逢险的象征，需要刚毅果敢的态度才能取得吉利。君子观此卦象，取法于云雷，用云的恩泽，雷的威严来治理国事。"",
  ""interpretation"": ""屯卦的核心哲学是：万物始生，开始困难；先劳后逸，苦尽甘来。得此卦者，身处困境，宜守不宜进，须多加辛苦努力，排除困难，方可通达，有初难后解之象。在事业上，起初多有不利，要知难而进，小心翼翼，勇往直前，灵活机动，可望获得大的成功，时机到来时一定要抓住，却也不得操之太急，且仍有困难，务必有他人相助，故平时应多施恩惠。在经商方面，创业初期步履艰难，多有挫折。坚定信念最重要，不要为表面现象所迷惑，应积极进取，行动果断，打开出路。若仍无法摆脱困境，则应退守保全，等待机会，再展宏图。而在婚恋中，好事多磨，忠贞纯洁，大胆追求，能够成功，婚姻美满。""
}
``在周易中怎样表达教育的概念？","{
  ""content"": ""屯卦"",
  ""summary。"": ""在周易中，屯卦代表着大吉大利、吉利的占卜，但不利于出门，有利于建国封侯。、其卦象为坎、上震下，代表着困难和动而逢险的。象征，需要刚毅果敢的；态度才能取得吉利。君子观此卦象，取法于云雷，用云的恩泽，雷的威严来治理国事。"",，
  ""interpretat，，ion"": ""屯卦的核心哲学是：万物始生，开始困难；先劳后逸，苦尽甘来。。得此卦者，身处困境，宜守不宜进，须多加辛苦努力，排除困难，方可通达，有初难后解；之象。在事，业上，起初多有不利，。要知难而进，小心翼翼，勇往直前；，灵活机动，可望获得大的成功，，，时机到来时一定要抓住，，却也不得操之太急，且仍有困难、，务必有他；人相助，故，平时应多施恩惠。在经商方面，创，，业初期步履艰难，多有挫折。坚定、信念最重要，不要为表面现象所迷、惑，应积极进取，行动果断，打开出路。若仍无法摆脱困、境，则应退守保全，等、待机会，再展宏图。而在婚恋中，好事多磨，，，忠贞纯洁，大胆追求，；能够成功，婚姻美满。"
"{
  ""content"": ""屯卦"",
  ""summary"": ""在周易中，屯卦代表着大吉大利、吉利的占卜，但不利于出门，有利于建国封侯。其卦象为坎上震下，代表着困难和动而逢险的象征，需要刚毅果敢的态度才能取得吉利。君子观此卦象，取法于云雷，用云的恩泽，雷的威严来治理国事。"",
  ""interpretation"": ""屯卦的核心哲学是：万物始生，开始困难；先劳后逸，苦尽甘来。得此卦者，身处困境，宜守不宜进，须多加辛苦努力，排除困难，方可通达，有初难后解之象。在事业上，起初多有不利，要知难而进，小心翼翼，勇往直前，灵活机动，可望获得大的成功，时机到来时一定要抓住，却也不得操之太急，且仍有困难，务必有他人相助，故平时应多施恩惠。在经商方面，创业初期步履艰难，多有挫折。坚定信念最重要，不要为表面现象所迷惑，应积极进取，行动果断，打开出路。若仍无法摆脱困境，则应退守保全，等待机会，再展宏图。而在婚恋中，好事多磨，忠贞纯洁，大胆追求，能够成功，婚姻美满。""
}
``的基本意义是什么？","{
  ""content"": ""屯卦"",
  ""summary"": ""在周易中，屯卦代表着大吉大利、吉利的占卜，但不利于出门，有利于建国封侯。其卦象为坎上震下，代表着困难和动而逢险的象征，需要刚毅果敢的态度才能取得吉利。君子观此卦象，取法于云雷，用云的恩泽，雷的威严来治理国事。"",
  ""interpretation"": ""屯卦的核心哲学是：万物始生，开始困难；先劳后逸，苦尽甘来。得此卦者，身处困境，宜守不宜进，须多加辛苦努力，排除困难，方可通达，有初难后解之象。在事业上，起初多有不利，要知难而进，小心翼翼，勇往直前，灵活机动，可望获得大的成功，时机到来时一定要抓住，却也不得操之太急，且仍有困难，务必有他人相助，故平时应多施恩惠。在经商方面，创业初期步履艰难，多有挫折。坚定信念最重要，不要为表面现象所迷惑，应积极进取，行动果断，打开出路。若仍无法摆脱困境，则应退守保全，等待机会，再展宏图。而在婚恋中，好事多磨，忠贞纯洁，大胆追求，能够成功，婚姻美满。"
"周易中{
  ""content"": ""屯卦"",
  ""summary"": ""在周易中，屯卦代表着大吉大利、吉利的占卜，但不利于出门，有利于建国封侯。其卦象为坎上震下，代表着困难和动而逢险的象征，需要刚毅果敢的态度才能取得吉利。君子观此卦象，取法于云雷，用云的恩泽，雷的威严来治理国事。"",
  ""interpretation"": ""屯卦的核心哲学是：万物始生，开始困难；先劳后逸，苦尽甘来。得此卦者，身处困境，宜守不宜进，须多加辛苦努力，排除困难，方可通达，有初难后解之象。在事业上，起初多有不利，要知难而进，小心翼翼，勇往直前，灵活机动，可望获得大的成功，时机到来时一定要抓住，却也不得操之太急，且仍有困难，务必有他人相助，故平时应多施恩惠。在经商方面，创业初期步履艰难，多有挫折。坚定信念最重要，不要为表面现象所迷惑，应积极进取，行动果断，打开出路。若仍无法摆脱困境，则应退守保全，等待机会，再展宏图。而在婚恋中，好事多磨，忠贞纯洁，大胆追求，能够成功，婚姻美满。""
}
``的解释是什么？","{
  ""content"": ""屯卦"",
  ""summary"": ""在周易中，屯卦代表着大吉大利、吉利的占卜，但不利于出门，有利于建国封侯。其卦象为坎上震下，代表着困难和动而逢险的象征，需要刚毅果敢的态度才能取得吉利。君子观此卦象，取法于云雷，用云的恩泽，雷的威严来治理国事。"",
  ""interpretation"": ""屯卦的核心哲学是：万物始生，开始困难；先劳后逸，苦尽甘来。得此卦者，身处困境，宜守不宜进，须多加辛苦努力，排除困难，方可通达，有初难后解之象。在事业上，起初多有不利，要知难而进，小心翼翼，勇往直前，灵活机动，可望获得大的成功，时机到来时一定要抓住，却也不得操之太急，且仍有困难，务必有他人相助，故平时应多施恩惠。在经商方面，创业初期步履艰难，多有挫折。坚定信念最重要，不要为表面现象所迷惑，应积极进取，行动果断，打开出路。若仍无法摆脱困境，则应退守保全，等待机会，再展宏图。而在婚恋中，好事多磨，忠贞纯洁，大胆追求，能够成功，婚姻美满。"
"{
  ""content"": ""屯卦"",
  ""summary"": ""在周易中，屯卦代表着大吉大利、吉利的占卜，但不利于出门，有利于建国封侯。其卦象为坎上震下，代表着困难和动而逢险的象征，需要刚毅果敢的态度才能取得吉利。君子观此卦象，取法于云雷，用云的恩泽，雷的威严来治理国事。"",
  ""interpretation"": ""屯卦的核心哲学是：万物始生，开始困难；先劳后逸，苦尽甘来。得此卦者，身处困境，宜守不宜进，须多加辛苦努力，排除困难，方可通达，有初难后解之象。在事业上，起初多有不利，要知难而进，小心翼翼，勇往直前，灵活机动，可望获得大的成功，时机到来时一定要抓住，却也不得操之太急，且仍有困难，务必有他人相助，故平时应多施恩惠。在经商方面，创业初期步履艰难，多有挫折。坚定信念最重要，不要为表面现象所迷惑，应积极进取，行动果断，打开出路。若仍无法摆脱困境，则应退守保全，等待机会，再展宏图。而在婚恋中，好事多磨，忠贞纯洁，大胆追求，能够成功，婚姻美满。""
}
``在周易中代表了哪些方面？","{
  ""content"": ""屯卦"",
  ""summary"": ""在周易中，屯卦代表着大吉大利、吉利的占卜，但不利于出门，有利于建国封侯。其卦象为坎上震下，代表着困难和动而逢险的象征，需要刚毅果敢的态度才能取得吉利。君子观此卦象，取法于云雷，用云的恩泽，雷的威严来治理国事。"",
  ""interpretation"": ""屯卦的核心哲学是：万物始生，开始困难；先劳后逸，苦尽甘来。得此卦者，身处困境，宜守不宜进，须多加辛苦努力，排除困难，方可通达，有初难后解之象。在事业上，起初多有不利，要知难而进，小心翼翼，勇往直前，灵活机动，可望获得大的成功，时机到来时一定要抓住，却也不得操之太急，且仍有困难，务必有他人相助，故平时应多施恩惠。在经商方面，创业初期步履艰难，多有挫折。坚定信念最重要，不要为表面现象所迷惑，应积极进取，行动果断，打开出路。若仍无法摆脱困境，则应退守保全，等待机会，再展宏图。而在婚恋中，好事多磨，忠贞纯洁，大胆追求，能够成功，婚姻美满。"
"{
  ""content"": ""屯卦"",
  ""summary"": ""在周易中，屯卦代表着大吉大利、吉利的占卜，但不利于出门，有利于建国封侯。其卦象为坎上震下，代表着困难和动而逢险的象征，需要刚毅果敢的态度才能取得吉利。君子观此卦象，取法于云雷，用云的恩泽，雷的威严来治理国事。"",
  ""interpretation"": ""屯卦的核心哲学是：万物始生，开始困难；先劳后逸，苦尽甘来。得此卦者，身处困境，宜守不宜进，须多加辛苦努力，排除困难，方可通达，有初难后解之象。在事业上，起初多有不利，要知难而进，小心翼翼，勇往直前，灵活机动，可望获得大的成功，时机到来时一定要抓住，却也不得操之太急，且仍有困难，务必有他人相助，故平时应多施恩惠。在经商方面，创业初期步履艰难，多有挫折。坚定信念最重要，不要为表面现象所迷惑，应积极进取，行动果断，打开出路。若仍无法摆脱困境，则应退守保全，等待机会，再展宏图。而在婚恋中，好事多磨，忠贞纯洁，大胆追求，能够成功，婚姻美满。""
}
``涉及哪些哲学思想？","{
  ""content"": ""屯卦"",
  ""summary"": ""在周易中，屯卦代表着大吉大利、吉利的占卜，但不利于出门，有利于建国封侯。其卦象为坎上震下，代表着困难和动而逢险的象征，需要刚毅果敢的态度才能取得吉利。君子观此卦象，取法于云雷，用云的恩泽，雷的威严来治理国事。"",
  ""interpretation"": ""屯卦的核心哲学是：万物始生，开始困难；先劳后逸，苦尽甘来。得此卦者，身处困境，宜守不宜进，须多加辛苦努力，排除困难，方可通达，有初难后解之象。在事业上，起初多有不利，要知难而进，小心翼翼，勇往直前，灵活机动，可望获得大的成功，时机到来时一定要抓住，却也不得操之太急，且仍有困难，务必有他人相助，故平时应多施恩惠。在经商方面，创业初期步履艰难，多有挫折。坚定信念最重要，不要为表面现象所迷惑，应积极进取，行动果断，打开出路。若仍无法摆脱困境，则应退守保全，等待机会，再展宏图。而在婚恋中，好事多磨，忠贞纯洁，大胆追求，能够成功，婚姻美满。"
"周易中{
  ""content"": ""屯卦"",
  ""summary"": ""在周易中，屯卦代表着大吉大利、吉利的占卜，但不利于出门，有利于建国封侯。其卦象为坎上震下，代表着困难和动而逢险的象征，需要刚毅果敢的态度才能取得吉利。君子观此卦象，取法于云雷，用云的恩泽，雷的威严来治理国事。"",
  ""interpretation"": ""屯卦的核心哲学是：万物始生，开始困难；先劳后逸，苦尽甘来。得此卦者，身处困境，宜守不宜进，须多加辛苦努力，排除困难，方可通达，有初难后解之象。在事业上，起初多有不利，要知难而进，小心翼翼，勇往直前，灵活机动，可望获得大的成功，时机到来时一定要抓住，却也不得操之太急，且仍有困难，务必有他人相助，故平时应多施恩惠。在经商方面，创业初期步履艰难，多有挫折。坚定信念最重要，不要为表面现象所迷惑，应积极进取，行动果断，打开出路。若仍无法摆脱困境，则应退守保全，等待机会，再展宏图。而在婚恋中，好事多磨，忠贞纯洁，大胆追求，能够成功，婚姻美满。""
}
``的象征意义是什么？","{，，
  ""c，，ontent"": ""屯卦"",
  ""su、mmary"": ""在周易中，屯卦代表着大吉大利、吉利的占卜，。但不利于出门，有利于建国封侯。其卦象为坎上震下，代表着困难和动而逢险的象征，需要、刚毅果敢的、态度才能取得吉利。君子观此卦象，取法于云雷，用云的恩泽，雷的威严来治理国事。"",
  ""interpretat，ion"":。 ""屯卦的核心哲学是：万物始生，开始困难。；先劳后逸，苦尽甘来；。得此卦者，身处困境；，宜守不宜进，须多加辛苦努力，，，排除困难，；方可通达，有初难后解、之象。在事业上，起初，，多有不利，要知难而进、，小心翼翼，勇往直前，灵活机动，可望获得大的成功，时机到来时；一定要抓住，，，却也不得，，操之太急，且仍有困难，务必有他人相助，故平时应多施恩惠。在经商方面，创业初期步履艰难，多有，挫折。坚定信念最重要，不要为表、面现象所迷，，惑，应积极进取，行动果断，打开出路。若仍无法摆脱困；境，则应退守保全，等待机会，再；展宏图。而在婚恋中，好事多磨，忠贞纯洁，大胆追求，，，能够成功，婚姻美满。；"
"{
  ""content"": ""屯卦"",
  ""summary"": ""在周易中，屯卦代表着大吉大利、吉利的占卜，但不利于出门，有利于建国封侯。其卦象为坎上震下，代表着困难和动而逢险的象征，需要刚毅果敢的态度才能取得吉利。君子观此卦象，取法于云雷，用云的恩泽，雷的威严来治理国事。"",
  ""interpretation"": ""屯卦的核心哲学是：万物始生，开始困难；先劳后逸，苦尽甘来。得此卦者，身处困境，宜守不宜进，须多加辛苦努力，排除困难，方可通达，有初难后解之象。在事业上，起初多有不利，要知难而进，小心翼翼，勇往直前，灵活机动，可望获得大的成功，时机到来时一定要抓住，却也不得操之太急，且仍有困难，务必有他人相助，故平时应多施恩惠。在经商方面，创业初期步履艰难，多有挫折。坚定信念最重要，不要为表面现象所迷惑，应积极进取，行动果断，打开出路。若仍无法摆脱困境，则应退守保全，等待机会，再展宏图。而在婚恋中，好事多磨，忠贞纯洁，大胆追求，能够成功，婚姻美满。""
}
``的主要讲述内容是什么？","{
  ""content"": ""屯卦"",
  ""summary"": ""在周易中，屯卦代表着大吉大利、吉利的占卜，但不利于出门，有利于建国封侯。其卦象为坎上震下，代表着困难和动而逢险的象征，需要刚毅果敢的态度才能取得吉利。君子观此卦象，取法于云雷，用云的恩泽，雷的威严来治理国事。"",
  ""interpretation"": ""屯卦的核心哲学是：万物始生，开始困难；先劳后逸，苦尽甘来。得此卦者，身处困境，宜守不宜进，须多加辛苦努力，排除困难，方可通达，有初难后解之象。在事业上，起初多有不利，要知难而进，小心翼翼，勇往直前，灵活机动，可望获得大的成功，时机到来时一定要抓住，却也不得操之太急，且仍有困难，务必有他人相助，故平时应多施恩惠。在经商方面，创业初期步履艰难，多有挫折。坚定信念最重要，不要为表面现象所迷惑，应积极进取，行动果断，打开出路。若仍无法摆脱困境，则应退守保全，等待机会，再展宏图。而在婚恋中，好事多磨，忠贞纯洁，大胆追求，能够成功，婚姻美满。"
"周易{
  ""content"": ""屯卦"",
  ""summary"": ""在周易中，屯卦代表着大吉大利、吉利的占卜，但不利于出门，有利于建国封侯。其卦象为坎上震下，代表着困难和动而逢险的象征，需要刚毅果敢的态度才能取得吉利。君子观此卦象，取法于云雷，用云的恩泽，雷的威严来治理国事。"",
  ""interpretation"": ""屯卦的核心哲学是：万物始生，开始困难；先劳后逸，苦尽甘来。得此卦者，身处困境，宜守不宜进，须多加辛苦努力，排除困难，方可通达，有初难后解之象。在事业上，起初多有不利，要知难而进，小心翼翼，勇往直前，灵活机动，可望获得大的成功，时机到来时一定要抓住，却也不得操之太急，且仍有困难，务必有他人相助，故平时应多施恩惠。在经商方面，创业初期步履艰难，多有挫折。坚定信念最重要，不要为表面现象所迷惑，应积极进取，行动果断，打开出路。若仍无法摆脱困境，则应退守保全，等待机会，再展宏图。而在婚恋中，好事多磨，忠贞纯洁，大胆追求，能够成功，婚姻美满。""
}
``的核心思想是什么？","{、
  ""content"": ""屯卦"",
  ""summary"": ""在，，周易中，屯卦代表着大吉大利、吉利的占卜，但不利于出门，有利于，建国封侯。；其卦象为坎；上震下，代表着困难和动而逢险的象征，需要刚毅果敢的态度才能取得吉利。君子观此卦象、，取法于云雷，用云的恩泽，雷的，威严来治理国事。"",。
  ""interpretation"": ""屯卦的核心哲学是：万物始生，开始困难。；先劳后逸，苦尽甘来，，。得此卦者，身处困境，宜守不宜进，须多加辛苦努力，排除困难，方可通达，有初难后解之象。在事。业上，起初多有不利，要知难而进，小心翼翼，勇往直前；，灵活机动，，，可望获得大的成功，时机到来时，一定要抓住，却也不得、操之太急，，且仍有困难，务必有他，人相助，故平时应多施恩惠。在经商方面，创；业初期步履，艰难，多有挫折。坚定信念最重要，不要为表，面现象所迷；惑，应积极，进取，行动果断，打开，出路。若仍，，无法摆脱困境，则应退。守保全，等；待机会，再展宏图。而在婚恋中，，，好事多磨，忠贞纯洁，大胆追求，，，能够成功，婚姻美满。"
"{
  ""content"": ""屯卦"",
  ""summary"": ""在周易中，屯卦代表着大吉大利、吉利的占卜，但不利于出门，有利于建国封侯。其卦象为坎上震下，代表着困难和动而逢险的象征，需要刚毅果敢的态度才能取得吉利。君子观此卦象，取法于云雷，用云的恩泽，雷的威严来治理国事。"",
  ""interpretation"": ""屯卦的核心哲学是：万物始生，开始困难；先劳后逸，苦尽甘来。得此卦者，身处困境，宜守不宜进，须多加辛苦努力，排除困难，方可通达，有初难后解之象。在事业上，起初多有不利，要知难而进，小心翼翼，勇往直前，灵活机动，可望获得大的成功，时机到来时一定要抓住，却也不得操之太急，且仍有困难，务必有他人相助，故平时应多施恩惠。在经商方面，创业初期步履艰难，多有挫折。坚定信念最重要，不要为表面现象所迷惑，应积极进取，行动果断，打开出路。若仍无法摆脱困境，则应退守保全，等待机会，再展宏图。而在婚恋中，好事多磨，忠贞纯洁，大胆追求，能够成功，婚姻美满。""
}
``和启蒙教育之间有何联系？","{
  ""content"": ""屯卦"",
  ""summary"": ""在周易中，屯卦代表着大吉大利、吉利的占卜，但不利于出门，有利于建国封侯。其卦象为坎上震下，代表着困难和动而逢险的象征，需要刚毅果敢的态度才能取得吉利。君子观此卦象，取法于云雷，用云的恩泽，雷的威严来治理国事。"",
  ""interpretation"": ""屯卦的核心哲学是：万物始生，开始困难；先劳后逸，苦尽甘来。得此卦者，身处困境，宜守不宜进，须多加辛苦努力，排除困难，方可通达，有初难后解之象。在事业上，起初多有不利，要知难而进，小心翼翼，勇往直前，灵活机动，可望获得大的成功，时机到来时一定要抓住，却也不得操之太急，且仍有困难，务必有他人相助，故平时应多施恩惠。在经商方面，创业初期步履艰难，多有挫折。坚定信念最重要，不要为表面现象所迷惑，应积极进取，行动果断，打开出路。若仍无法摆脱困境，则应退守保全，等待机会，再展宏图。而在婚恋中，好事多磨，忠贞纯洁，大胆追求，能够成功，婚姻美满。"
"在周易中，{
  ""content"": ""屯卦"",
  ""summary"": ""在周易中，屯卦代表着大吉大利、吉利的占卜，但不利于出门，有利于建国封侯。其卦象为坎上震下，代表着困难和动而逢险的象征，需要刚毅果敢的态度才能取得吉利。君子观此卦象，取法于云雷，用云的恩泽，雷的威严来治理国事。"",
  ""interpretation"": ""屯卦的核心哲学是：万物始生，开始困难；先劳后逸，苦尽甘来。得此卦者，身处困境，宜守不宜进，须多加辛苦努力，排除困难，方可通达，有初难后解之象。在事业上，起初多有不利，要知难而进，小心翼翼，勇往直前，灵活机动，可望获得大的成功，时机到来时一定要抓住，却也不得操之太急，且仍有困难，务必有他人相助，故平时应多施恩惠。在经商方面，创业初期步履艰难，多有挫折。坚定信念最重要，不要为表面现象所迷惑，应积极进取，行动果断，打开出路。若仍无法摆脱困境，则应退守保全，等待机会，再展宏图。而在婚恋中，好事多磨，忠贞纯洁，大胆追求，能够成功，婚姻美满。""
}
``象征着什么？","{
  ""content"": ""屯卦"",
  ""summary"": ""在周易中，屯卦代表着大吉大利、吉利的占卜，但不利于出门，有利于建国封侯。其卦象为坎上震下，代表着困难和动而逢险的象征，需要刚毅果敢的态度才能取得吉利。君子观此卦象，取法于云雷，用云的恩泽，雷的威严来治理国事。"",
  ""interpretation"": ""屯卦的核心哲学是：万物始生，开始困难；先劳后逸，苦尽甘来。得此卦者，身处困境，宜守不宜进，须多加辛苦努力，排除困难，方可通达，有初难后解之象。在事业上，起初多有不利，要知难而进，小心翼翼，勇往直前，灵活机动，可望获得大的成功，时机到来时一定要抓住，却也不得操之太急，且仍有困难，务必有他人相助，故平时应多施恩惠。在经商方面，创业初期步履艰难，多有挫折。坚定信念最重要，不要为表面现象所迷惑，应积极进取，行动果断，打开出路。若仍无法摆脱困境，则应退守保全，等待机会，再展宏图。而在婚恋中，好事多磨，忠贞纯洁，大胆追求，能够成功，婚姻美满。"
"请描述{
  ""content"": ""屯卦"",
  ""summary"": ""在周易中，屯卦代表着大吉大利、吉利的占卜，但不利于出门，有利于建国封侯。其卦象为坎上震下，代表着困难和动而逢险的象征，需要刚毅果敢的态度才能取得吉利。君子观此卦象，取法于云雷，用云的恩泽，雷的威严来治理国事。"",
  ""interpretation"": ""屯卦的核心哲学是：万物始生，开始困难；先劳后逸，苦尽甘来。得此卦者，身处困境，宜守不宜进，须多加辛苦努力，排除困难，方可通达，有初难后解之象。在事业上，起初多有不利，要知难而进，小心翼翼，勇往直前，灵活机动，可望获得大的成功，时机到来时一定要抓住，却也不得操之太急，且仍有困难，务必有他人相助，故平时应多施恩惠。在经商方面，创业初期步履艰难，多有挫折。坚定信念最重要，不要为表面现象所迷惑，应积极进取，行动果断，打开出路。若仍无法摆脱困境，则应退守保全，等待机会，再展宏图。而在婚恋中，好事多磨，忠贞纯洁，大胆追求，能够成功，婚姻美满。""
}
``的含义。","{
  ""content"": ""屯卦"",
  ""summary"": ""在周易中，屯卦代表着大吉大利、吉利的占卜，但不利于出门，有利于建国封侯。其卦象为坎上震下，代表着困难和动而逢险的象征，需要刚毅果敢的态度才能取得吉利。君子观此卦象，取法于云雷，用云的恩泽，雷的威严来治理国事。"",
  ""interpretation"": ""屯卦的核心哲学是：万物始生，开始困难；先劳后逸，苦尽甘来。得此卦者，身处困境，宜守不宜进，须多加辛苦努力，排除困难，方可通达，有初难后解之象。在事业上，起初多有不利，要知难而进，小心翼翼，勇往直前，灵活机动，可望获得大的成功，时机到来时一定要抓住，却也不得操之太急，且仍有困难，务必有他人相助，故平时应多施恩惠。在经商方面，创业初期步履艰难，多有挫折。坚定信念最重要，不要为表面现象所迷惑，应积极进取，行动果断，打开出路。若仍无法摆脱困境，则应退守保全，等待机会，再展宏图。而在婚恋中，好事多磨，忠贞纯洁，大胆追求，能够成功，婚姻美满。"
"{
  ""content"": ""屯卦"",
  ""summary"": ""在周易中，屯卦代表着大吉大利、吉利的占卜，但不利于出门，有利于建国封侯。其卦象为坎上震下，代表着困难和动而逢险的象征，需要刚毅果敢的态度才能取得吉利。君子观此卦象，取法于云雷，用云的恩泽，雷的威严来治理国事。"",
  ""interpretation"": ""屯卦的核心哲学是：万物始生，开始困难；先劳后逸，苦尽甘来。得此卦者，身处困境，宜守不宜进，须多加辛苦努力，排除困难，方可通达，有初难后解之象。在事业上，起初多有不利，要知难而进，小心翼翼，勇往直前，灵活机动，可望获得大的成功，时机到来时一定要抓住，却也不得操之太急，且仍有困难，务必有他人相助，故平时应多施恩惠。在经商方面，创业初期步履艰难，多有挫折。坚定信念最重要，不要为表面现象所迷惑，应积极进取，行动果断，打开出路。若仍无法摆脱困境，则应退守保全，等待机会，再展宏图。而在婚恋中，好事多磨，忠贞纯洁，大胆追求，能够成功，婚姻美满。""
}
``在周易哲学中扮演什么角色？","{
  ""c；ontent"": ""屯卦"",
；  ""su，，mmary"": ""在周易中，屯卦代表着大吉大利、吉利的占卜，；但不利于出门，有利于建国封侯。、其卦象为坎上震下，代表着困难和动而逢险的象征，需要刚毅果敢的、态度才能取得吉利。君子观此卦象，取法于云；雷，用云的恩泽，雷的；威严来治理；国事。"",
  ""interpretation"": ""屯卦的、核心哲学是：万物始生，开始困难；先劳后逸，苦尽甘来。得此卦者。，身处困境，宜守不宜；进，须多加、辛苦努力，排除困难，；方可通达，有初难后解之象。在事，业上，起初；多有不利，要知难而进；，小心翼翼，勇往直前，灵活机动、，可望获得大的成功，时机到来时；一定要抓住，，，却也不得操之太急，。且仍有困难，务必有他人相助，故；平时应多施恩惠。在经商方面，创业初期步履艰难，多有挫折。坚定。信念最重要，不要为表、面现象所迷惑，应积极进取，行动果断，打开出路。若仍；无法摆脱困境，则应退守保全，等、待机会，再展宏图。而在婚恋中，好事多磨，，，忠贞纯洁，大胆追求，能够成功，婚姻美满。"
需卦代表什么？,"需卦""由上卦坎（水）和下卦乾（天）组成，上，卦为云，下卦为天。上卦坎为险，。下卦乾为刚，象徵着云浮聚于天上，待时降雨之象。预示抓到俘虏，；大吉大利，有利于涉水渡河。君子，观此卦象，可以宴饮安，，乐，待时而动。

这个卦象表示踌躇期待，虽然刚强，。但前面有险阻，应当等、待，涉大川则利。时机尚未成熟，需要耐心等。待，不宜冒进。谋事应审时度势，耐心等待，，切勿冒险，欲速不达。自信、坚守中正，可化，，险为夷。情况有利时，仍得居安思危。

需，，卦的核心哲。学是谋事应，审时度势，耐心等待，切勿冒险，，，欲速不达。，自信、坚守；中正，可以化险为夷。需要控制饮，食，保持健康的生活方式。在感情和婚姻方面，需要慎重、诚实、和柔克刚。

在行动之，初，需要极大的耐心，，观时待变，，，创造条件和机会。等待时机成熟后；，大器必定晚成。在事业发展中，遇到困难和；险阻时，必。须十分谨慎、，坦然对待小人的中伤、。为人处事应谦和、坦率，多有他人相助，促，，使事业成功。当时机成，熟后，则必然一帆风顺，，。""

source:""《易经》"
周易中的需卦含义是什么？,"需卦""由上卦坎（水）和下卦乾（天）组成，上卦为云，下卦为天。上卦坎为险，下卦乾为刚，象征着云浮聚于天上，待时降雨之象。预示抓到俘虏，大吉大利，有利于涉水渡河。君子观此卦象，可以宴饮安乐，待时而动。

这个卦象表示踌躇期待，虽然刚强，但前面有险阻，应当等待，涉大川则利。时机尚未成熟，需要耐心等待，不宜冒进。谋事应审时度势，耐心等待，切勿冒险，欲速不达。自信、坚守中正，可化险为夷。情况有利时，仍得居安思危。

需卦的核心哲学是谋事应审时度势，耐心等待，切勿冒险，欲速不达。自信、坚守中正，可以化险为夷。需要控制饮食，保持健康的生活方式。在感情和婚姻方面，需要慎重、诚实、和柔克刚。

在行动之初，需要极大的耐心，观时待变，创造条件和机会。等待时机成熟后，大器必定晚成。在事业发展中，遇到困难和险阻时，必须十分谨慎，坦然对待小人的中伤。为人处事应谦和、坦率，多有他人相助，促使事业成功。当时机成熟后，则必然一帆风顺。""

source:""《易经》"
请解释一下需卦。,"需卦""由上卦坎（水）和下卦乾（天）组成，上卦为云，下卦为天。上卦坎为险，下卦乾为刚，象征着云浮聚于天上，待时降雨之象。预示抓到俘虏，大吉大利，有利于涉水渡河。君子观此卦象，可以宴饮安乐，待时而动。

这个卦象表示踌躇期待，虽然刚强，但前面有险阻，应当等待，涉大川则利。时机尚未成熟，需要耐心等待，不宜冒进。谋事应审时度势，耐心等待，切勿冒险，欲速不达。自信、坚守中正，可化险为夷。情况有利时，仍得居安思危。

需卦的核心哲学是谋事应审时度势，耐心等待，切勿冒险，欲速不达。自信、坚守中正，可以化险为夷。需要控制饮食，保持健康的生活方式。在感情和婚姻方面，需要慎重、诚实、和柔克刚。

在行动之初，需要极大的耐心，观时待变，创造条件和机会。等待时机成熟后，大器必定晚成。在事业发展中，遇到困难和险阻时，必须十分谨慎，坦然对待小人的中伤。为人处事应谦和、坦率，多有他人相助，促使事业成功。当时机成熟后，则必然一帆风顺。""

source:""《易经》"
需卦在周易中是什么象征？,"需卦""由上卦坎（水）和下卦乾（天）组成，上卦为云，下卦为天。上卦坎为险，下卦乾为刚，象征着云浮聚于天上，待时降雨之象。预示抓到俘虏，大吉大利，有利于涉水渡河。君子观此卦象，可以宴饮安乐，待时而动。

这个卦象表示踌躇期待，虽然刚强，但前面有险阻，应当等待，涉大川则利。时机尚未成熟，需要耐心等待，不宜冒进。谋事应审时度势，耐心等待，切勿冒险，欲速不达。自信、坚守中正，可化险为夷。情况有利时，仍得居安思危。

需卦的核心哲学是谋事应审时度势，耐心等待，切勿冒险，欲速不达。自信、坚守中正，可以化险为夷。需要控制饮食，保持健康的生活方式。在感情和婚姻方面，需要慎重、诚实、和柔克刚。

在行动之初，需要极大的耐心，观时待变，创造条件和机会。等待时机成熟后，大器必定晚成。在事业发展中，遇到困难和险阻时，必须十分谨慎，坦然对待小人的中伤。为人处事应谦和、坦率，多有他人相助，促使事业成功。当时机成熟后，则必然一帆风顺。""

source:""《易经》"
周易需卦的深层含义是什么？,"需卦""由上卦坎（水）和下卦乾（天）组成，上卦为云，下，，卦为天。上卦坎为险，下卦乾为刚，象征着云浮聚于天上、，待时降雨之象。预示抓到俘虏，大吉大利，，有利于涉水渡河。君子观此卦象，可以宴饮安。乐，待时而动。

这个卦象表示踌躇期待，虽然刚强，但前面有险；阻，应当等待，涉大川，则利。时机尚未成熟，需要耐心等待，不宜冒、进。谋事应，审时度势，耐心等待，切勿冒险，欲速不达。自信、坚守中正，可化，，险为夷。情。况有利时，仍得居安思危。

需，，卦的核心哲，学是谋事应审时度势，耐心等待，切勿冒险，欲速不达。自信、坚守中正，可以化险为夷。需要控制饮、食，保持健康的生活方式。在感情和婚姻方面，需要慎重、诚实、和柔克刚。
，
在行动之初，需要极大的耐心，观时待变，创造条件和机会。等待时机成熟后。，大器必定晚成。在事业发展中，。遇到困难和险阻时，必，须十分谨慎，坦然对待小人的中伤，，。为人处事应谦和、坦率，多有他人相助，促使事业成功。当时机成熟后，则必然一帆风顺。""

source:""《易经》"
需卦和教育启蒙有什么联系？,"需，卦""由上卦。坎（水）和下卦乾（天）组成，上，，卦为云，下卦为天。上卦坎为险，下卦乾为刚，象征着云浮聚于天上。，待时降雨、之象。预示，抓到俘虏，、大吉大利，有利于涉水渡河。君子、观此卦象，可以宴饮安乐，待时而动。

这个卦象表示踌躇期待，，虽然刚强，但前面有险阻，应当等待，涉大川则利。时机尚未成熟，，，需要耐心等、待，不宜冒进。谋事应；审时度势，耐心等待，切勿冒险，。欲速不达。自信、坚守；中正，可化险为夷。情况有利时，。仍得居安思、危。

需卦的核心哲，，学是谋事应，审时度势，，，耐心等待，切勿冒险，欲速不达。。自信、坚守中正，可以化险为夷。需要控制饮食，保持健康的生活方式。在感情。和婚姻方面，需要慎重，、诚实、和，，柔克刚。

在行动之初，需要极大的耐心，观时待变，创造条件和机会。等待，时机成熟后。，大器必定晚成。在事业发展中，遇到困难和。险阻时，必，，须十分谨慎。，坦然对待小人的中伤。为人处事应谦和、坦率，多有他人相助，促使事业成功。当时机成熟后，则必然一帆风顺。。""

source:""《易经》"
周易的需卦讲述了什么？,"需卦""由上卦坎（水）和下卦乾（天）组成，上卦为云，下卦为天。上卦坎为险，下卦乾为刚，象征着云浮聚于天上，待时降雨之象。预示抓到俘虏，大吉大利，有利于涉水渡河。君子观此卦象，可以宴饮安乐，待时而动。

这个卦象表示踌躇期待，虽然刚强，但前面有险阻，应当等待，涉大川则利。时机尚未成熟，需要耐心等待，不宜冒进。谋事应审时度势，耐心等待，切勿冒险，欲速不达。自信、坚守中正，可化险为夷。情况有利时，仍得居安思危。

需卦的核心哲学是谋事应审时度势，耐心等待，切勿冒险，欲速不达。自信、坚守中正，可以化险为夷。需要控制饮食，保持健康的生活方式。在感情和婚姻方面，需要慎重、诚实、和柔克刚。

在行动之初，需要极大的耐心，观时待变，创造条件和机会。等待时机成熟后，大器必定晚成。在事业发展中，遇到困难和险阻时，必须十分谨慎，坦然对待小人的中伤。为人处事应谦和、坦率，多有他人相助，促使事业成功。当时机成熟后，则必然一帆风顺。""

source:""《易经》"
需卦是怎样的一个卦象？,"需卦""由上卦坎（水）和下卦乾（天）组成，上卦为云，下卦为天。上卦坎为险，下卦乾为刚，象征着云浮聚于天上，待时降雨之象。预示抓到俘虏，大吉大利，有利于涉水渡河。君子观此卦象，可以宴饮安乐，待时而动。

这个卦象表示踌躇期待，虽然刚强，但前面有险阻，应当等待，涉大川则利。时机尚未成熟，需要耐心等待，不宜冒进。谋事应审时度势，耐心等待，切勿冒险，欲速不达。自信、坚守中正，可化险为夷。情况有利时，仍得居安思危。

需卦的核心哲学是谋事应审时度势，耐心等待，切勿冒险，欲速不达。自信、坚守中正，可以化险为夷。需要控制饮食，保持健康的生活方式。在感情和婚姻方面，需要慎重、诚实、和柔克刚。

在行动之初，需要极大的耐心，观时待变，创造条件和机会。等待时机成熟后，大器必定晚成。在事业发展中，遇到困难和险阻时，必须十分谨慎，坦然对待小人的中伤。为人处事应谦和、坦率，多有他人相助，促使事业成功。当时机成熟后，则必然一帆风顺。""

source:""《易经》"
需卦在周易中怎样表达教育的概念？,"需卦""由上卦、坎（水）和；下卦乾（天，，）组成，上；卦为云，下卦为天。上卦坎为险，下卦乾为刚，象徵着云，浮聚于天上，待时降雨之象。预示抓到俘虏，大吉大利，有利于涉水渡河。君子观此卦象，。可以宴饮安，，乐，待时而动。

这个卦象表示踌躇期待，虽然刚强，但前面有险阻，应当等；待，涉大川则利。时机尚未成熟，需要耐心等；待，不宜冒进。谋事应审时度势，耐心等待，切勿冒险，欲速不达。自信、坚守中正，可化险为夷。情。况有利时，仍得居安思、危。

需卦的核心哲。学是谋事应审时度势，耐心等待，切勿冒险，、欲速不达。自信、坚守中正，可以化险为夷。需要控制饮食，保持健康的生活方式。在感情和婚姻方面，需要慎重，、诚实、和。柔克刚。
，
在行动之。初，需要极大的耐心，观时待变，，创造条件和机会。等待，，时机成熟后；，大器必定，，晚成。在事业发展中，遇到困难和险阻时，必、须十分谨慎，坦然对待；小人的中伤。为人处事应谦和、坦率，多有他人相助，促使事业成功、。当时机成；熟后，则必然一帆风顺。""

source:""《易经》"
需卦的基本意义是什么？,"需卦""由上卦坎（水）和下卦乾（天）组成，上卦为云，下卦为天。上卦坎为险，下卦乾为刚，象征着云浮聚于天上，待时降雨之象。预示抓到俘虏，大吉大利，有利于涉水渡河。君子观此卦象，可以宴饮安乐，待时而动。

这个卦象表示踌躇期待，虽然刚强，但前面有险阻，应当等待，涉大川则利。时机尚未成熟，需要耐心等待，不宜冒进。谋事应审时度势，耐心等待，切勿冒险，欲速不达。自信、坚守中正，可化险为夷。情况有利时，仍得居安思危。

需卦的核心哲学是谋事应审时度势，耐心等待，切勿冒险，欲速不达。自信、坚守中正，可以化险为夷。需要控制饮食，保持健康的生活方式。在感情和婚姻方面，需要慎重、诚实、和柔克刚。

在行动之初，需要极大的耐心，观时待变，创造条件和机会。等待时机成熟后，大器必定晚成。在事业发展中，遇到困难和险阻时，必须十分谨慎，坦然对待小人的中伤。为人处事应谦和、坦率，多有他人相助，促使事业成功。当时机成熟后，则必然一帆风顺。""

source:""《易经》"
周易中需卦的解释是什么？,"需卦""由上卦坎（水）和下卦乾（天）组成，上卦为云，下卦为天。上卦坎为险，下卦乾为刚，，，象徵着云、浮聚于天上，，，待时降雨之象。预示。抓到俘虏，大吉大利，有利于涉水渡河。君子观此卦象，可以宴饮安乐，待时而动。

这；个卦象表示踌躇期待，，虽然刚强，；但前面有险阻，应当等待，涉大川则利。时机，尚未成熟，，需要耐心等待，不宜冒进。谋事应审时度势，，耐心等待，切勿冒险，。欲速不达。自信、坚守中正，可化、险为夷。情，，况有利时，仍得居安思危。

需卦的核心哲学是谋事应审时度势，，，耐心等待，、切勿冒险，，，欲速不达。自信、坚守中正，可以化险为夷。需要控制饮食，保持健康的生活方式。在感情和婚姻方面，需要慎重、诚实、和柔克刚。

在行动之；初，需要极，，大的耐心，观时待变，创造条件和机会。等待时机成熟后，大器必定晚成。在事业发展中，遇到困难和险阻时，必。须十分谨慎、，坦然对待小人的中伤。为人处事应谦和、坦。率，多有他；人相助，促使事业成功。当时机成熟后，则必，，然一帆风顺。""

source:""《易经》"
需卦在周易中代表了哪些方面？,"需卦""由上卦坎（水）和下卦乾（天）组成，上卦为云，下卦为天。上卦坎为险，下卦乾为刚，象征着云浮聚于天上，待时降雨之象。预示抓到俘虏，大吉大利，有利于涉水渡河。君子观此卦象，可以宴饮安乐，待时而动。

这个卦象表示踌躇期待，虽然刚强，但前面有险阻，应当等待，涉大川则利。时机尚未成熟，需要耐心等待，不宜冒进。谋事应审时度势，耐心等待，切勿冒险，欲速不达。自信、坚守中正，可化险为夷。情况有利时，仍得居安思危。

需卦的核心哲学是谋事应审时度势，耐心等待，切勿冒险，欲速不达。自信、坚守中正，可以化险为夷。需要控制饮食，保持健康的生活方式。在感情和婚姻方面，需要慎重、诚实、和柔克刚。

在行动之初，需要极大的耐心，观时待变，创造条件和机会。等待时机成熟后，大器必定晚成。在事业发展中，遇到困难和险阻时，必须十分谨慎，坦然对待小人的中伤。为人处事应谦和、坦率，多有他人相助，促使事业成功。当时机成熟后，则必然一帆风顺。""

source:""《易经》"
需卦涉及哪些哲学思想？,"需卦""由上卦坎（水）和下卦乾（天）组成，上卦为云，下卦为天。上卦坎为险，下卦乾为刚，象征着云浮聚于天上，待时降雨之象。预示抓到俘虏，大吉大利，有利于涉水渡河。君子观此卦象，可以宴饮安乐，待时而动。

这个卦象表示踌躇期待，虽然刚强，但前面有险阻，应当等待，涉大川则利。时机尚未成熟，需要耐心等待，不宜冒进。谋事应审时度势，耐心等待，切勿冒险，欲速不达。自信、坚守中正，可化险为夷。情况有利时，仍得居安思危。

需卦的核心哲学是谋事应审时度势，耐心等待，切勿冒险，欲速不达。自信、坚守中正，可以化险为夷。需要控制饮食，保持健康的生活方式。在感情和婚姻方面，需要慎重、诚实、和柔克刚。

在行动之初，需要极大的耐心，观时待变，创造条件和机会。等待时机成熟后，大器必定晚成。在事业发展中，遇到困难和险阻时，必须十分谨慎，坦然对待小人的中伤。为人处事应谦和、坦率，多有他人相助，促使事业成功。当时机成熟后，则必然一帆风顺。""

source:""《易经》"
周易中需卦的象征意义是什么？,"需卦""由上卦坎（水）和下卦乾（天）组成，上卦为云，下卦为天。上卦坎为险，下卦乾为刚，象征着云浮聚于天上，待时降雨之象。预示抓到俘虏，大吉大利，有利于涉水渡河。君子观此卦象，可以宴饮安乐，待时而动。

这个卦象表示踌躇期待，虽然刚强，但前面有险阻，应当等待，涉大川则利。时机尚未成熟，需要耐心等待，不宜冒进。谋事应审时度势，耐心等待，切勿冒险，欲速不达。自信、坚守中正，可化险为夷。情况有利时，仍得居安思危。

需卦的核心哲学是谋事应审时度势，耐心等待，切勿冒险，欲速不达。自信、坚守中正，可以化险为夷。需要控制饮食，保持健康的生活方式。在感情和婚姻方面，需要慎重、诚实、和柔克刚。

在行动之初，需要极大的耐心，观时待变，创造条件和机会。等待时机成熟后，大器必定晚成。在事业发展中，遇到困难和险阻时，必须十分谨慎，坦然对待小人的中伤。为人处事应谦和、坦率，多有他人相助，促使事业成功。当时机成熟后，则必然一帆风顺。""

source:""《易经》"
需卦的主要讲述内容是什么？,"需卦""由上卦坎（水）和下卦乾（天）组成，上卦为云，下卦为天。上卦坎为险，下卦乾为刚，象征着云浮聚于天上，待时降雨之象。预示抓到俘虏，大吉大利，有利于涉水渡河。君子观此卦象，可以宴饮安乐，待时而动。

这个卦象表示踌躇期待，虽然刚强，但前面有险阻，应当等待，涉大川则利。时机尚未成熟，需要耐心等待，不宜冒进。谋事应审时度势，耐心等待，切勿冒险，欲速不达。自信、坚守中正，可化险为夷。情况有利时，仍得居安思危。

需卦的核心哲学是谋事应审时度势，耐心等待，切勿冒险，欲速不达。自信、坚守中正，可以化险为夷。需要控制饮食，保持健康的生活方式。在感情和婚姻方面，需要慎重、诚实、和柔克刚。

在行动之初，需要极大的耐心，观时待变，创造条件和机会。等待时机成熟后，大器必定晚成。在事业发展中，遇到困难和险阻时，必须十分谨慎，坦然对待小人的中伤。为人处事应谦和、坦率，多有他人相助，促使事业成功。当时机成熟后，则必然一帆风顺。""

source:""《易经》"
周易需卦的核心思想是什么？,"需，卦""由上卦坎（水）和下卦乾（天、）组成，上卦为云，下卦为天。上卦坎为险，下卦乾为刚，象徵着云；浮聚于天上，待时降雨之象。预示，抓到俘虏，大吉大利，，，有利于涉水渡河。君子、观此卦象，可以宴饮安、乐，待时而动。

这个卦象表示踌躇期待，虽然刚强，但前面有险、阻，应当等待，涉大川则利。时机尚未成熟，需要耐心等；待，不宜冒进。谋事应审时度势，耐心等待，切勿冒险，，，欲速不达。自信、坚守中正，可化。险为夷。情况有利时，仍得居安思危。

需卦的核心哲学是谋事应审时度势，耐心等待，切勿冒险，欲速不达。自信、坚守中正，可以化险为夷。需要控制饮，食，保持健。康的生活方式。在感情和婚姻方面，需要慎重、、诚实、和柔克刚。
，，
在行动之；初，需要极。大的耐心，观时待变，创造条件和机会。等待时机成熟后、，大器必定晚成。在事业发展中，遇到困难和、险阻时，必须十分谨慎，坦然对待小人的中伤。为人处事应谦和、坦率，多有他。人相助，促使事业成功；。当时机成，，熟后，则必然一帆风顺。""

source，:""《易经；》"
需卦和启蒙教育之间有何联系？,"需，，卦""由上卦；坎（水）和、下卦乾（天）组成，上卦为云，下；卦为天。上、卦坎为险，下卦乾为刚、，象征着云浮聚于天上，待时降雨之象。预示抓到俘虏，大吉大利，，有利于涉水渡河。君子观此卦象，可以宴饮安乐，待时而动。

这个卦象表示踌躇期待，虽然刚强，但前面有险、阻，应当等待，涉大川则利。时机尚未成熟，；需要耐心等待，不宜冒；进。谋事应审时度势，耐心等待，切勿冒险，；欲速不达。自信、坚守中正，可化，，险为夷。情，，况有利时，；仍得居安思危。

需、卦的核心哲学是谋事应；审时度势，耐心等待，、切勿冒险，。欲速不达。自信、坚守中正，可以，，化险为夷。需要控制饮食，保持健康的生活方式。在感情和婚姻方面，需要慎重、诚实、和柔克刚。

在行动之初，需要极大的耐心，。观时待变，创造条件和机会。等待时机成熟后；，大器必定晚成。在事业发展中，遇到困难和，险阻时，必，，须十分谨慎，坦然对待小人的中伤。为人处事、应谦和、坦率，多有他人相助，促使事业成功。当时机成熟后，则必，然一帆风顺，。""

s。ource:""《易经》"
在周易中，需卦象征着什么？,"需卦""由上卦。坎（水）和下卦乾（天，，）组成，上卦为云，下；卦为天。上、卦坎为险，、下卦乾为刚，象征着云浮聚于天上。，待时降雨之象。预示。抓到俘虏，；大吉大利，有利于涉水渡河。君子；观此卦象，可以宴饮安乐，待时而动。

这，，个卦象表示踌躇期待，、虽然刚强，；但前面有险阻，应当等待，涉大川则利。时机尚未成熟，需要耐心等待，不宜冒。进。谋事应；审时度势，、耐心等待，切勿冒险，欲速不达。自信、坚守中正，可化险为夷。情况有利时，仍得居安思危。

需卦的核心哲学是谋事应；审时度势，；耐心等待，、切勿冒险，欲速不达。、自信、坚守中正，可以化险为夷。；需要控制饮，食，保持健康的生活方式。在感情、和婚姻方面，，需要慎重、诚实、和柔克刚。

在行动之初，需要极，大的耐心，观时待变，；创造条件和机会。等待时机成熟后、，大器必定晚成。在事，，业发展中，遇到困难和险阻时，必须十分谨慎、，坦然对待，小人的中伤。为人处事应谦和、坦率，多有他人相助，促使事业成功，，。当时机成熟后，则必然一帆风顺、。""

source:""《易经，，》"
请描述需卦的含义。,"需卦""由上卦坎（水）和，，下卦乾（天，，）组成，上卦为云，下卦为天。上卦坎为险，；下卦乾为刚，象征着云浮聚于天上，待时降雨；之象。预示；抓到俘虏，、大吉大利，，，有利于涉水渡河。君子观此卦象，；可以宴饮安乐，待时而动。

这。个卦象表示踌躇期待，；虽然刚强，但前面有险，，阻，应当等待，涉大川则利。时机、尚未成熟，需要耐心等待，不宜冒进。谋事应；审时度势，耐心等待，切勿冒险，欲速不达。自信、坚守、中正，可化、险为夷。情况有利时，仍得居安思危。

需，卦的核心哲学是谋事应、审时度势，，耐心等待，，切勿冒险，，，欲速不达。自信、坚守中正，可以化险为夷。，需要控制饮食，保持健康的生活方式。在感情和婚姻方面，，，需要慎重、诚实、和；柔克刚。

在行动之初，需要极大的耐心，观时待变，创造条件和机会。等待时机成熟后，，大器必定，，晚成。在事；业发展中，遇到困难和；险阻时，必须十分谨慎，坦然对待小人的中伤。为人处事、应谦和、坦率，多有他人相助，促；使事业成功。当时机成熟后，则必然一帆风顺。""

source。:""《易经》"
需卦在周易哲学中扮演什么角色？,"需卦""由上卦坎（水）和下卦乾（天）组成，上卦为云，下卦为天。上。卦坎为险，下卦乾为刚，象徵着云，浮聚于天上，待时降雨之象。预示。抓到俘虏，大吉大利，有利于涉水渡河。君子观此卦象，，，可以宴饮安、乐，待时而动。

这。个卦象表示踌躇期待，虽然刚强，，，但前面有险阻，应当等待，涉大川则利。时机尚未成熟，需要耐心等，待，不宜冒进。谋事应审时度势，。耐心等待，切勿冒险，欲速不达。自信、坚守中正，可化险为夷。情、况有利时，仍得居安思危。

需卦的核心哲，学是谋事应审时度势，；耐心等待，切勿冒险，，，欲速不达。、自信、坚守中正，可以化险为夷。需要控制饮、食，保持健康的生活方。式。在感情和婚姻方面。，需要慎重，、诚实、和；柔克刚。

在行动之初，需要极大的耐心，观时待变，创造条件和机会。等待时机成熟后。，大器必定晚成。在事业发展中，遇到困难和险阻时，必；须十分谨慎，坦然对待小人的中伤、。为人处事、应谦和、坦率，多有他人相助，促使事业成功。当时机成熟后，则必然一帆风顺。""

source:""《易经》"
"""讼卦代表什么？","在周易中，讼卦是一个极具深意的卦象。上卦为乾（天），下卦为坎（水），两者相背而行，代表天与水违行的状况，象征着事理乖舛和争讼之象。讼卦中有利可图，但必须警惕戒惧，事情中间吉利，但最终会有凶险。在卜卦时，利于会见贵族王公，但不利于涉水渡河。

讼卦的核心哲学是：开始可能顺利，有所收获，但随后会遇到困难和挫折。因此，务必慎之又慎，不得固执已见，避免介入诉讼纠纷的争执之中。退让而不固执，求得化解，安于正理，可免除意外之灾。陷入争讼，即使获胜，最后还得失去，得不偿失。

讼卦的经商指引是：和气生财，吃亏是福，切勿追求不义之财。在商业谈判中要坚持公正、公平、互利的原则，尽量避免发生冲突。

对于决策，讼卦提醒我们，争强好胜，不安于现状，为改变命运和超越他人而奋斗。但缺乏持之以恒的毅力，容易得罪他人，带来诉讼之灾。因此，接受教训，引以为戒，可功成名就。

讼卦所蕴含的智慧是：在面对争端和异见时，要善于退让和求和，坚守正道，谨慎处事，以避免不必要的冲突和损失。"
"周易中的""讼卦含义是什么？","在周易中，讼卦是一个极具深意的卦象。上卦为乾（天），下卦为坎（水），两者相背而行，代表天与水违行的状况，象征着事理乖舛和争讼之象。讼卦中有利可图，但必须警惕戒惧，事情中间吉利，但最终会有凶险。在卜卦时，利于会见贵族王公，但不利于涉水渡河。

讼卦的核心哲学是：开始可能顺利，有所收获，但随后会遇到困难和挫折。因此，务必慎之又慎，不得固执已见，避免介入诉讼纠纷的争执之中。退让而不固执，求得化解，安于正理，可免除意外之灾。陷入争讼，即使获胜，最后还得失去，得不偿失。

讼卦的经商指引是：和气生财，吃亏是福，切勿追求不义之财。在商业谈判中要坚持公正、公平、互利的原则，尽量避免发生冲突。

对于决策，讼卦提醒我们，争强好胜，不安于现状，为改变命运和超越他人而奋斗。但缺乏持之以恒的毅力，容易得罪他人，带来诉讼之灾。因此，接受教训，引以为戒，可功成名就。

讼卦所蕴含的智慧是：在面对争端和异见时，要善于退让和求和，坚守正道，谨慎处事，以避免不必要的冲突和损失。"
"请解释一下""讼卦。","在；周易中，讼卦是一个极具深意的卦象。上卦为。乾（天），下卦为坎（，水），两者相背而行，，，代表天与水违行的状况，象征着事理乖舛和争讼之象。讼、卦中有利可、图，但必须，，警惕戒惧，事情中间吉利，但最终会有凶险。在卜卦时，利于会见贵族王公，但不利于涉水；渡河。

，，讼卦的核心哲学是：开始可能顺利，有所收获；，但随后会、遇到困难和挫折。因此，务必慎之、又慎，不得固执已见，避免介入诉讼纠纷的争执之中。退让而不固执；，求得化解，安于正理，可免除意外之灾。陷入争讼，即使获胜，最、后还得失去，，，得不偿失。

讼卦的经商指引是：和气生财，吃亏是福，切勿追求不义之财。在商业谈判中要坚持公正、公平，，、互利的原则，尽量避免发生冲突。

对于决策，讼卦。提醒我们，，争强好胜，；不安于现状，为改变命运和超越他人而奋斗。但缺乏持之以恒的毅力，容易得罪他人，带来诉讼之灾。，因此，接受教训，引以为戒，可功成名就。

讼卦所蕴，，含的智慧是：在面对争端和异见时，要善于退。让和求和，坚守正道，谨慎处事，以避免不必要的冲突和损失。"
"""讼卦在周易中是什么象征？","在周易中，讼卦是一个极具深意的卦象。上卦为乾（天），下卦为坎（水），两者相背而行，代表天与水违行的状况，象征着事理乖舛和争讼之象。讼卦中有利可图，但必须警惕戒惧，事情中间吉利，但最终会有凶险。在卜卦时，利于会见贵族王公，但不利于涉水渡河。

讼卦的核心哲学是：开始可能顺利，有所收获，但随后会遇到困难和挫折。因此，务必慎之又慎，不得固执已见，避免介入诉讼纠纷的争执之中。退让而不固执，求得化解，安于正理，可免除意外之灾。陷入争讼，即使获胜，最后还得失去，得不偿失。

讼卦的经商指引是：和气生财，吃亏是福，切勿追求不义之财。在商业谈判中要坚持公正、公平、互利的原则，尽量避免发生冲突。

对于决策，讼卦提醒我们，争强好胜，不安于现状，为改变命运和超越他人而奋斗。但缺乏持之以恒的毅力，容易得罪他人，带来诉讼之灾。因此，接受教训，引以为戒，可功成名就。

讼卦所蕴含的智慧是：在面对争端和异见时，要善于退让和求和，坚守正道，谨慎处事，以避免不必要的冲突和损失。"
"周易""讼卦的深层含义是什么？","在周易中，讼卦是一个极具深意的卦象。上卦为乾（天），下卦为坎（水），两者相背而行，代表天与水违行的状况，象征着事理乖舛和争讼之象。讼卦中有利可图，但必须警惕戒惧，事情中间吉利，但最终会有凶险。在卜卦时，利于会见贵族王公，但不利于涉水渡河。

讼卦的核心哲学是：开始可能顺利，有所收获，但随后会遇到困难和挫折。因此，务必慎之又慎，不得固执已见，避免介入诉讼纠纷的争执之中。退让而不固执，求得化解，安于正理，可免除意外之灾。陷入争讼，即使获胜，最后还得失去，得不偿失。

讼卦的经商指引是：和气生财，吃亏是福，切勿追求不义之财。在商业谈判中要坚持公正、公平、互利的原则，尽量避免发生冲突。

对于决策，讼卦提醒我们，争强好胜，不安于现状，为改变命运和超越他人而奋斗。但缺乏持之以恒的毅力，容易得罪他人，带来诉讼之灾。因此，接受教训，引以为戒，可功成名就。

讼卦所蕴含的智慧是：在面对争端和异见时，要善于退让和求和，坚守正道，谨慎处事，以避免不必要的冲突和损失。"
"""讼卦和教育启蒙有什么联系？","在周易中，讼卦是一个极具深意的卦象。上卦为乾（天），下卦为坎（水），两者相背而行，代表天与水违行的状况，象征着事理乖舛和争讼之象。讼卦中有利可图，但必须警惕戒惧，事情中间吉利，但最终会有凶险。在卜卦时，利于会见贵族王公，但不利于涉水渡河。

讼卦的核心哲学是：开始可能顺利，有所收获，但随后会遇到困难和挫折。因此，务必慎之又慎，不得固执已见，避免介入诉讼纠纷的争执之中。退让而不固执，求得化解，安于正理，可免除意外之灾。陷入争讼，即使获胜，最后还得失去，得不偿失。

讼卦的经商指引是：和气生财，吃亏是福，切勿追求不义之财。在商业谈判中要坚持公正、公平、互利的原则，尽量避免发生冲突。

对于决策，讼卦提醒我们，争强好胜，不安于现状，为改变命运和超越他人而奋斗。但缺乏持之以恒的毅力，容易得罪他人，带来诉讼之灾。因此，接受教训，引以为戒，可功成名就。

讼卦所蕴含的智慧是：在面对争端和异见时，要善于退让和求和，坚守正道，谨慎处事，以避免不必要的冲突和损失。"
"周易的""讼卦讲述了什么？","在周易中，讼卦是一个极具深意的卦象。上卦为乾（天），下卦为坎（水），两者相背而行，代表天与水违行的状况，象征着事理乖舛和争讼之象。讼卦中有利可图，但必须警惕戒惧，事情中间吉利，但最终会有凶险。在卜卦时，利于会见贵族王公，但不利于涉水渡河。

讼卦的核心哲学是：开始可能顺利，有所收获，但随后会遇到困难和挫折。因此，务必慎之又慎，不得固执已见，避免介入诉讼纠纷的争执之中。退让而不固执，求得化解，安于正理，可免除意外之灾。陷入争讼，即使获胜，最后还得失去，得不偿失。

讼卦的经商指引是：和气生财，吃亏是福，切勿追求不义之财。在商业谈判中要坚持公正、公平、互利的原则，尽量避免发生冲突。

对于决策，讼卦提醒我们，争强好胜，不安于现状，为改变命运和超越他人而奋斗。但缺乏持之以恒的毅力，容易得罪他人，带来诉讼之灾。因此，接受教训，引以为戒，可功成名就。

讼卦所蕴含的智慧是：在面对争端和异见时，要善于退让和求和，坚守正道，谨慎处事，以避免不必要的冲突和损失。"
"""讼卦是怎样的一个卦象？","在周易中，讼卦是一个极具深意的卦象。上卦为乾（天），下卦为坎（水），两者相背而行，代表天与水违行的状况，象征着事理乖舛和争讼之象。讼卦中有利可图，但必须警惕戒惧，事情中间吉利，但最终会有凶险。在卜卦时，利于会见贵族王公，但不利于涉水渡河。

讼卦的核心哲学是：开始可能顺利，有所收获，但随后会遇到困难和挫折。因此，务必慎之又慎，不得固执已见，避免介入诉讼纠纷的争执之中。退让而不固执，求得化解，安于正理，可免除意外之灾。陷入争讼，即使获胜，最后还得失去，得不偿失。

讼卦的经商指引是：和气生财，吃亏是福，切勿追求不义之财。在商业谈判中要坚持公正、公平、互利的原则，尽量避免发生冲突。

对于决策，讼卦提醒我们，争强好胜，不安于现状，为改变命运和超越他人而奋斗。但缺乏持之以恒的毅力，容易得罪他人，带来诉讼之灾。因此，接受教训，引以为戒，可功成名就。

讼卦所蕴含的智慧是：在面对争端和异见时，要善于退让和求和，坚守正道，谨慎处事，以避免不必要的冲突和损失。"
"""讼卦在周易中怎样表达教育的概念？","在周易中，讼卦是一个极具深意的卦，，象。上卦为，乾（天），下卦为坎（水），两者相背而行，代表天与水，，违行的状况，象征着事、理乖舛和争讼之象。讼卦中有利可；图，但必须警惕戒惧，事情中间吉利，但最终会有凶险。在卜卦时，利于会见贵族王公，但不利于涉水渡河。

讼卦的核心。哲学是：开始可能顺利，有所收获。，但随后会遇到困难和挫折。因此，务必慎之。又慎，不得固执已见，避免介入诉，讼纠纷的争执之中。退让而不固执、，求得化解，安于正理，，可免除意外之灾。陷入争讼，即使获胜，最后还得失去，得不偿失。

讼卦的经商指引是：和气生。财，吃亏是。福，切勿追，，求不义之财。在商业谈判中要坚持公正、公平、互利的原，则，尽量避免发生冲突。

对于决策，讼卦提醒我们，争强好胜，不安于现状，为改变命运和超越他人而奋斗。。但缺乏持之；以恒的毅力，容易得罪、他人，带来诉讼之灾。。因此，接受教训，引以；为戒，可功成名就。

讼卦所蕴含的智慧是：在面对争；端和异见时，要善于退让和求和，坚守正道，谨慎处事，以避免不必要的冲突和损失。"
"""讼卦的基本意义是什么？","在周易中，讼卦是一个极具深意的卦象。上卦为乾（天），下卦为坎（水），两者相背而行，代表天与水违行的状况，象征着事理乖舛和争讼之象。讼卦中有利可图，但必须警惕戒惧，事情中间吉利，但最终会有凶险。在卜卦时，利于会见贵族王公，但不利于涉水渡河。

讼卦的核心哲学是：开始可能顺利，有所收获，但随后会遇到困难和挫折。因此，务必慎之又慎，不得固执已见，避免介入诉讼纠纷的争执之中。退让而不固执，求得化解，安于正理，可免除意外之灾。陷入争讼，即使获胜，最后还得失去，得不偿失。

讼卦的经商指引是：和气生财，吃亏是福，切勿追求不义之财。在商业谈判中要坚持公正、公平、互利的原则，尽量避免发生冲突。

对于决策，讼卦提醒我们，争强好胜，不安于现状，为改变命运和超越他人而奋斗。但缺乏持之以恒的毅力，容易得罪他人，带来诉讼之灾。因此，接受教训，引以为戒，可功成名就。

讼卦所蕴含的智慧是：在面对争端和异见时，要善于退让和求和，坚守正道，谨慎处事，以避免不必要的冲突和损失。"
"周易中""讼卦的解释是什么？","在，，周易中，讼、卦是一个极，，具深意的卦象。上卦为乾（天），下卦为坎（，，水），两者。相背而行，，代表天与水违行的状况，，象征着事理乖舛和争讼之象。讼卦中有利可，图，但必须警惕戒惧，事情中间吉利，但最终会有凶险。、在卜卦时，；利于会见贵、族王公，但不利于涉水渡河。

讼卦的核心，，哲学是：开始可能顺利，有所收获。，但随后会遇到困难和、挫折。因此，务必慎之又慎，不得固执已见，，，避免介入诉讼纠纷的争执之中。退让而不固执，求得化解，，，安于正理，，可免除意外之灾。陷，入争讼，即使获胜，最后还得失去、，得不偿失。

讼卦的经商指引、是：和气生财，吃亏是，福，切勿追；求不义之财。在商业谈、判中要坚持公正、公平、互利的原；则，尽量避免发生冲突。

对于，决策，讼卦提醒我们，争强好胜，，不安于现状，为改变命运和超越他。人而奋斗。、但缺乏持之以恒的毅力，容易得罪他人，带来诉讼之灾。。因此，接受教训，引以为戒，可功成名就。

讼卦所蕴含的智慧是：在面对争端和异见时。，要善于退让和求和，坚守正道，谨慎处事，、以避免不必要的冲突和损失。"
"""讼卦在周易中代表了哪些方面？","在，周易中，讼卦是一个极具深意的卦象。上卦为乾（天），下卦为坎（水），两者，，相背而行，代表天与水违行的状况，象征着事理乖舛和争讼之象。讼卦中有利可图，但必须警惕戒惧，事情中间吉利，但最终会有凶险。、在卜卦时，、利于会见贵族王公，但不利于涉水渡河。

讼卦的核心；哲学是：开始可能顺利，有所收获，但随后会。遇到困难和、挫折。因此，务必慎之又慎，不得固执已见，避免介入诉讼纠纷的争；执之中。退让而不固执，，求得化解，安于正理，可免除意外之灾。陷入争讼，即使获胜，最后还得失去，得不偿失。

讼卦的经商指引；是：和气生财，吃亏是福，切勿追求不义之财。在商业谈判中要坚持公正、公平、互利的原则，尽量避免发生冲突，，。

对于决策，讼卦提醒我们，争强好胜，不安于现状，为改变命，运和超越他人而奋斗。但缺乏持之。以恒的毅力，容易得罪；他人，带来。诉讼之灾。因此，接受教训，引以为戒，可功成名就。
、
讼卦所蕴、含的智慧是：在面对争端和异见时、，要善于退让和求和，坚守正道，谨慎处事，，以避免不必；要的冲突和，，损失。"
"""讼卦涉及哪些哲学思想？","在周易中，讼卦是一个极具深意的卦象。上卦为乾（天），下卦为坎（水），两者相背而行，代表天与水违行的状况，象征着事理乖舛和争讼之象。讼卦中有利可图，但必须警惕戒惧，事情中间吉利，但最终会有凶险。在卜卦时，利于会见贵族王公，但不利于涉水渡河。

讼卦的核心哲学是：开始可能顺利，有所收获，但随后会遇到困难和挫折。因此，务必慎之又慎，不得固执已见，避免介入诉讼纠纷的争执之中。退让而不固执，求得化解，安于正理，可免除意外之灾。陷入争讼，即使获胜，最后还得失去，得不偿失。

讼卦的经商指引是：和气生财，吃亏是福，切勿追求不义之财。在商业谈判中要坚持公正、公平、互利的原则，尽量避免发生冲突。

对于决策，讼卦提醒我们，争强好胜，不安于现状，为改变命运和超越他人而奋斗。但缺乏持之以恒的毅力，容易得罪他人，带来诉讼之灾。因此，接受教训，引以为戒，可功成名就。

讼卦所蕴含的智慧是：在面对争端和异见时，要善于退让和求和，坚守正道，谨慎处事，以避免不必要的冲突和损失。"
"周易中""讼卦的象征意义是什么？","在周易中，讼卦是一个极具深意的卦象。上卦为乾（天），下卦为坎（水），两者相背而行，代表天与水违行的状况，象征着事理乖舛和争讼之象。讼卦中有利可图，但必须警惕戒惧，事情中间吉利，但最终会有凶险。在卜卦时，利于会见贵族王公，但不利于涉水渡河。

讼卦的核心哲学是：开始可能顺利，有所收获，但随后会遇到困难和挫折。因此，务必慎之又慎，不得固执已见，避免介入诉讼纠纷的争执之中。退让而不固执，求得化解，安于正理，可免除意外之灾。陷入争讼，即使获胜，最后还得失去，得不偿失。

讼卦的经商指引是：和气生财，吃亏是福，切勿追求不义之财。在商业谈判中要坚持公正、公平、互利的原则，尽量避免发生冲突。

对于决策，讼卦提醒我们，争强好胜，不安于现状，为改变命运和超越他人而奋斗。但缺乏持之以恒的毅力，容易得罪他人，带来诉讼之灾。因此，接受教训，引以为戒，可功成名就。

讼卦所蕴含的智慧是：在面对争端和异见时，要善于退让和求和，坚守正道，谨慎处事，以避免不必要的冲突和损失。"
"""讼卦的主要讲述内容是什么？","在周易中，讼卦是一个极具深意的卦象。上卦为乾（天），下卦为坎（水），两者相背而行，代表天与水违行的状况，象征着事理乖舛和争讼之象。讼卦中有利可图，但必须警惕戒惧，事情中间吉利，但最终会有凶险。在卜卦时，利于会见贵族王公，但不利于涉水渡河。

讼卦的核心哲学是：开始可能顺利，有所收获，但随后会遇到困难和挫折。因此，务必慎之又慎，不得固执已见，避免介入诉讼纠纷的争执之中。退让而不固执，求得化解，安于正理，可免除意外之灾。陷入争讼，即使获胜，最后还得失去，得不偿失。

讼卦的经商指引是：和气生财，吃亏是福，切勿追求不义之财。在商业谈判中要坚持公正、公平、互利的原则，尽量避免发生冲突。

对于决策，讼卦提醒我们，争强好胜，不安于现状，为改变命运和超越他人而奋斗。但缺乏持之以恒的毅力，容易得罪他人，带来诉讼之灾。因此，接受教训，引以为戒，可功成名就。

讼卦所蕴含的智慧是：在面对争端和异见时，要善于退让和求和，坚守正道，谨慎处事，以避免不必要的冲突和损失。"
"周易""讼卦的核心思想是什么？","在周易中，讼卦是一个极具深意的卦象。上卦为乾（天），下卦为坎（水），两者相背而行，代表天与水违行的状况，象征着事理乖舛和争讼之象。讼卦中有利可图，但必须警惕戒惧，事情中间吉利，但最终会有凶险。在卜卦时，利于会见贵族王公，但不利于涉水渡河。

讼卦的核心哲学是：开始可能顺利，有所收获，但随后会遇到困难和挫折。因此，务必慎之又慎，不得固执已见，避免介入诉讼纠纷的争执之中。退让而不固执，求得化解，安于正理，可免除意外之灾。陷入争讼，即使获胜，最后还得失去，得不偿失。

讼卦的经商指引是：和气生财，吃亏是福，切勿追求不义之财。在商业谈判中要坚持公正、公平、互利的原则，尽量避免发生冲突。

对于决策，讼卦提醒我们，争强好胜，不安于现状，为改变命运和超越他人而奋斗。但缺乏持之以恒的毅力，容易得罪他人，带来诉讼之灾。因此，接受教训，引以为戒，可功成名就。

讼卦所蕴含的智慧是：在面对争端和异见时，要善于退让和求和，坚守正道，谨慎处事，以避免不必要的冲突和损失。"
"""讼卦和启蒙教育之间有何联系？","在周易中，讼卦是一个极具深意的卦象。上卦为乾（天），下卦为坎（水），两者相背而行，代表天与水违行的状况，象征着事理乖舛和争讼之象。讼卦中有利可图，但必须警惕戒惧，事情中间吉利，但最终会有凶险。在卜卦时，利于会见贵族王公，但不利于涉水渡河。

讼卦的核心哲学是：开始可能顺利，有所收获，但随后会遇到困难和挫折。因此，务必慎之又慎，不得固执已见，避免介入诉讼纠纷的争执之中。退让而不固执，求得化解，安于正理，可免除意外之灾。陷入争讼，即使获胜，最后还得失去，得不偿失。

讼卦的经商指引是：和气生财，吃亏是福，切勿追求不义之财。在商业谈判中要坚持公正、公平、互利的原则，尽量避免发生冲突。

对于决策，讼卦提醒我们，争强好胜，不安于现状，为改变命运和超越他人而奋斗。但缺乏持之以恒的毅力，容易得罪他人，带来诉讼之灾。因此，接受教训，引以为戒，可功成名就。

讼卦所蕴含的智慧是：在面对争端和异见时，要善于退让和求和，坚守正道，谨慎处事，以避免不必要的冲突和损失。"
"在周易中，""讼卦象征着什么？","在、周易中，讼卦是一个极具深意的卦象。上卦为乾（天），、下卦为坎（、水），两者。相背而行，代表天与水违行的状况，象征着事。理乖舛和争讼之象。讼。卦中有利可图，但必须。警惕戒惧，事情中间吉利，但最终会有凶险。在卜卦时，，利于会见贵族王公，但不利于涉水渡河。

讼卦的核心哲学是：开；始可能顺利，有所收获，但随后会遇到困难和挫折。因此，务必慎之。又慎，不得固执已见，避免介入诉。讼纠纷的争执之中。退，，让而不固执，求得化解，安于正理，可免除意外之灾。陷入争讼，即使获胜，最，后还得失去，得不偿失。

讼卦的经商指引。是：和气生财，吃亏是、福，切勿追求不义之财，，。在商业谈、判中要坚持公正、公平、互利的原则，尽量避免发生冲突、。

对于决策，讼卦提醒我们，争强好胜，不安于现状，为改变命运和超越他人而奋斗。但缺乏持之以恒的毅力，容易得罪他人，带来。诉讼之灾。因此，接受；教训，引以为戒，可功成名就。

讼卦所蕴含的智慧是：在面对争端和异见时，要善于退让和求和，坚守正道，谨慎处事，以避免不必、要的冲突和损失。"
"请描述""讼卦的含义。","在周易中，讼卦是一个极具深意的卦象。上卦为乾（天），下卦为坎（水），两者相背而行，代表天与水违行的状况，象征着事理乖舛和争讼之象。讼卦中有利可图，但必须警惕戒惧，事情中间吉利，但最终会有凶险。在卜卦时，利于会见贵族王公，但不利于涉水渡河。

讼卦的核心哲学是：开始可能顺利，有所收获，但随后会遇到困难和挫折。因此，务必慎之又慎，不得固执已见，避免介入诉讼纠纷的争执之中。退让而不固执，求得化解，安于正理，可免除意外之灾。陷入争讼，即使获胜，最后还得失去，得不偿失。

讼卦的经商指引是：和气生财，吃亏是福，切勿追求不义之财。在商业谈判中要坚持公正、公平、互利的原则，尽量避免发生冲突。

对于决策，讼卦提醒我们，争强好胜，不安于现状，为改变命运和超越他人而奋斗。但缺乏持之以恒的毅力，容易得罪他人，带来诉讼之灾。因此，接受教训，引以为戒，可功成名就。

讼卦所蕴含的智慧是：在面对争端和异见时，要善于退让和求和，坚守正道，谨慎处事，以避免不必要的冲突和损失。"
"""讼卦在周易哲学中扮演什么角色？","在周易中，讼卦是一个极具深意的卦象。上卦为乾（天），下卦为坎（水），两者相背而行，代表天与水违行的状况，象征着事理乖舛和争讼之象。讼卦中有利可图，但必须警惕戒惧，事情中间吉利，但最终会有凶险。在卜卦时，利于会见贵族王公，但不利于涉水渡河。

讼卦的核心哲学是：开始可能顺利，有所收获，但随后会遇到困难和挫折。因此，务必慎之又慎，不得固执已见，避免介入诉讼纠纷的争执之中。退让而不固执，求得化解，安于正理，可免除意外之灾。陷入争讼，即使获胜，最后还得失去，得不偿失。

讼卦的经商指引是：和气生财，吃亏是福，切勿追求不义之财。在商业谈判中要坚持公正、公平、互利的原则，尽量避免发生冲突。

对于决策，讼卦提醒我们，争强好胜，不安于现状，为改变命运和超越他人而奋斗。但缺乏持之以恒的毅力，容易得罪他人，带来诉讼之灾。因此，接受教训，引以为戒，可功成名就。

讼卦所蕴含的智慧是：在面对争端和异见时，要善于退让和求和，坚守正道，谨慎处事，以避免不必要的冲突和损失。"
师卦代表什么？,"师卦是一个由坎卦（水）上承坤卦（地）组成的卦象，代表军队和指挥军情的卦象。根据《象辞》，这一卦象被解释为“地中有水”，象征着像大地一样包容和养育众人。根据《断易天机》，只有德高望重的长者来统率军队，才能获得吉祥无咎。


据北宋易学家邵雍解，得师卦者将面临困难重重，忧心劳众，宜包容别人，艰苦努力，摒除一切困难。台湾国学大儒傅佩荣解则提到，对于时运、财运、家宅和身体等方面会有相应影响。


传统解卦认为，师卦具有养兵聚众、出师攻伐之象，彼此有伤，难得安宁的大象。在运势方面，预示着困难重重，需要以正规行事，谨小慎微，严于律已。在事业、经商、求名、婚恋和决策等方面，都需要保持冷静、谨慎，注意避免敌人和困难带来的不利影响，必能成功。"
周易中的师卦含义是什么？,"师卦是一个由坎卦（水）上承坤卦（地）组成的卦象，代表军队和指挥军情的卦象。根据《象辞》，这一卦象被解释为“地中有水”，象征着像大地一样包容和养育众人。根据《断易天机》，只有德高望重的长者来统率军队，才能获得吉祥无咎。


据北宋易学家邵雍解，得师卦者将面临困难重重，忧心劳众，宜包容别人，艰苦努力，摒除一切困难。台湾国学大儒傅佩荣解则提到，对于时运、财运、家宅和身体等方面会有相应影响。


传统解卦认为，师卦具有养兵聚众、出师攻伐之象，彼此有伤，难得安宁的大象。在运势方面，预示着困难重重，需要以正规行事，谨小慎微，严于律已。在事业、经商、求名、婚恋和决策等方面，都需要保持冷静、谨慎，注意避免敌人和困难带来的不利影响，必能成功。"
请解释一下师卦。,"师卦是一个由坎卦（水）上承坤卦（地）组成的卦象，代表军队和指挥军情的卦象。根据《象辞》，这一卦象被解释为“地中有水”，象征着像大地一样包容和养育众人。根据《断易天机》，只有德高望重的长者来统率军队，才能获得吉祥无咎。


据北宋易学家邵雍解，得师卦者将面临困难重重，忧心劳众，宜包容别人，艰苦努力，摒除一切困难。台湾国学大儒傅佩荣解则提到，对于时运、财运、家宅和身体等方面会有相应影响。


传统解卦认为，师卦具有养兵聚众、出师攻伐之象，彼此有伤，难得安宁的大象。在运势方面，预示着困难重重，需要以正规行事，谨小慎微，严于律已。在事业、经商、求名、婚恋和决策等方面，都需要保持冷静、谨慎，注意避免敌人和困难带来的不利影响，必能成功。"
师卦在周易中是什么象征？,"师卦是一个由坎卦（水）上承坤卦（地）组成的卦象，代表军队和指挥军情的卦象。根据《象辞》，这一卦象被解释为“地中有水”，象征着像大地一样包容和养育众人。根据《断易天机》，只有德高望重的长者来统率军队，才能获得吉祥无咎。


据北宋易学家邵雍解，得师卦者将面临困难重重，忧心劳众，宜包容别人，艰苦努力，摒除一切困难。台湾国学大儒傅佩荣解则提到，对于时运、财运、家宅和身体等方面会有相应影响。


传统解卦认为，师卦具有养兵聚众、出师攻伐之象，彼此有伤，难得安宁的大象。在运势方面，预示着困难重重，需要以正规行事，谨小慎微，严于律已。在事业、经商、求名、婚恋和决策等方面，都需要保持冷静、谨慎，注意避免敌人和困难带来的不利影响，必能成功。"
周易师卦的深层含义是什么？,"师卦是一个由坎卦（水）上承坤卦（地）组成的卦象，代表军队和指挥军情的卦象。根据《象辞》，这一卦象被解释为“地中有水”，象征着像大地一样包容和养育众人。根据《断易天机》，只有德高望重的长者来统率军队，才能获得吉祥无咎。


据北宋易学家邵雍解，得师卦者将面临困难重重，忧心劳众，宜包容别人，艰苦努力，摒除一切困难。台湾国学大儒傅佩荣解则提到，对于时运、财运、家宅和身体等方面会有相应影响。


传统解卦认为，师卦具有养兵聚众、出师攻伐之象，彼此有伤，难得安宁的大象。在运势方面，预示着困难重重，需要以正规行事，谨小慎微，严于律已。在事业、经商、求名、婚恋和决策等方面，都需要保持冷静、谨慎，注意避免敌人和困难带来的不利影响，必能成功。"
师卦和教育启蒙有什么联系？,"师卦是一个由坎卦（水）上承坤卦（地）组成的卦象，代表军队和指挥军情的卦象。根据《象辞》，这一卦象被解释为“地中有水”，象征着像大地一样包容和养育众人。根据《断易天机》，只有德高望重的长者来统率军队，才能获得吉祥无咎。


据北宋易学家邵雍解，得师卦者将面临困难重重，忧心劳众，宜包容别人，艰苦努力，摒除一切困难。台湾国学大儒傅佩荣解则提到，对于时运、财运、家宅和身体等方面会有相应影响。


传统解卦认为，师卦具有养兵聚众、出师攻伐之象，彼此有伤，难得安宁的大象。在运势方面，预示着困难重重，需要以正规行事，谨小慎微，严于律已。在事业、经商、求名、婚恋和决策等方面，都需要保持冷静、谨慎，注意避免敌人和困难带来的不利影响，必能成功。"
周易的师卦讲述了什么？,"师卦是一个由坎卦（水）；上承坤卦（。地）组成的卦象，代表，军队和指挥；军情的卦象。根据《象辞》，这一卦象被解释为“地中有。水”，象征着像大地一样包容和养育众人。根据《断易天机》，只有，德高望重的长者来统率、军队，才能获得吉祥无，，咎。


据北宋易学，家邵雍解，、得师卦者将面临困难重重，忧心劳众，宜包容别人，艰苦努力，摒除；一切困难。台湾国学大；儒傅佩荣解。则提到，对于时运、财，运、家宅和身体等方面、会有相应影响。


传统解卦认为，师卦具有养兵聚众、出师攻伐之象，彼此有伤，难得，安宁的大象。在运势方，面，预示着困难重重，需要以正规行事，谨小慎微，严于，律已。在事业、经商、求名、婚恋和决策等方，，面，都需要保持冷静、谨慎，注意避免敌人和困难带来的不利影响，，必能成功。"
师卦是怎样的一个卦象？,"师卦是一个由坎卦（水）上承坤卦（地）组成的卦象，代表军队和指挥军情的卦象；。根据《象辞》，这一，，卦象被解释为“地中有水”，象征着像大地一样包容和养育众人。根；据《断易天。机》，只有德高望重的长者来统率，，军队，才能获得吉祥无咎。


据北宋易学家邵雍解，得师卦者将面临困难重重，忧心劳众，宜包容别人，艰苦、努力，摒除一切困难。、台湾国学大；儒傅佩荣解则提到，对于时运、财运、家宅和身体等方面。会有相应影，响。


传统解卦认为，师卦具有养兵聚众、出师攻伐之象，彼此有伤，难得安宁的大象。。在运势方面，预示着困难重重，需要以正规行事，谨小、慎微，严于律已。在事业、经商、求名、婚恋；和决策等方面，都需要，保持冷静、。谨慎，注意避免敌人和；困难带来的，，不利影响，。必能成功。"
师卦在周易中怎样表达教育的概念？,"师卦是一个由坎卦（水）上承坤卦（地）组成的卦象，代表军队和指挥军情的卦象。根据《象辞》，这一卦象被解释为“地中有水”，象征着像大地一样包容和养育众人。根据《断易天机》，只有德高望重的长者来统率军队，才能获得吉祥无咎。


据北宋易学家邵雍解，得师卦者将面临困难重重，忧心劳众，宜包容别人，艰苦努力，摒除一切困难。台湾国学大儒傅佩荣解则提到，对于时运、财运、家宅和身体等方面会有相应影响。


传统解卦认为，师卦具有养兵聚众、出师攻伐之象，彼此有伤，难得安宁的大象。在运势方面，预示着困难重重，需要以正规行事，谨小慎微，严于律已。在事业、经商、求名、婚恋和决策等方面，都需要保持冷静、谨慎，注意避免敌人和困难带来的不利影响，必能成功。"
师卦的基本意义是什么？,"师卦是一个由坎卦（水）上承坤卦（地）组成的卦象，代表军队和指挥军情的卦象。根据《象辞》，这一卦象被解释为“地中有水”，象征着像大地一样包容和养育众人。根据《断易天机》，只有德高望重的长者来统率军队，才能获得吉祥无咎。


据北宋易学家邵雍解，得师卦者将面临困难重重，忧心劳众，宜包容别人，艰苦努力，摒除一切困难。台湾国学大儒傅佩荣解则提到，对于时运、财运、家宅和身体等方面会有相应影响。


传统解卦认为，师卦具有养兵聚众、出师攻伐之象，彼此有伤，难得安宁的大象。在运势方面，预示着困难重重，需要以正规行事，谨小慎微，严于律已。在事业、经商、求名、婚恋和决策等方面，都需要保持冷静、谨慎，注意避免敌人和困难带来的不利影响，必能成功。"
周易中师卦的解释是什么？,"师卦是一个由坎卦（水）上承坤卦（地）组成的卦象，代表军队和指挥军情的卦象。根据《象辞》，这一卦象被解释为“地中有水”，象征着像大地一样包容和养育众人。根据《断易天机》，只有德高望重的长者来统率军队，才能获得吉祥无咎。


据北宋易学家邵雍解，得师卦者将面临困难重重，忧心劳众，宜包容别人，艰苦努力，摒除一切困难。台湾国学大儒傅佩荣解则提到，对于时运、财运、家宅和身体等方面会有相应影响。


传统解卦认为，师卦具有养兵聚众、出师攻伐之象，彼此有伤，难得安宁的大象。在运势方面，预示着困难重重，需要以正规行事，谨小慎微，严于律已。在事业、经商、求名、婚恋和决策等方面，都需要保持冷静、谨慎，注意避免敌人和困难带来的不利影响，必能成功。"
师卦在周易中代表了哪些方面？,"师卦是一个由坎卦（水）上承坤卦（地）组成的卦象，代表军队和指挥军情的卦象。根据《象辞》，这一卦象被解释为“地中有水”，象征着像大地一样包容和养育众人。根据《断易天机》，只有德高望重的长者来统率军队，才能获得吉祥无咎。


据北宋易学家邵雍解，得师卦者将面临困难重重，忧心劳众，宜包容别人，艰苦努力，摒除一切困难。台湾国学大儒傅佩荣解则提到，对于时运、财运、家宅和身体等方面会有相应影响。


传统解卦认为，师卦具有养兵聚众、出师攻伐之象，彼此有伤，难得安宁的大象。在运势方面，预示着困难重重，需要以正规行事，谨小慎微，严于律已。在事业、经商、求名、婚恋和决策等方面，都需要保持冷静、谨慎，注意避免敌人和困难带来的不利影响，必能成功。"
师卦涉及哪些哲学思想？,"师卦是一个由坎卦（水）上承坤卦（地）组成的卦象，代表军队和指挥军情的卦象。根据《象辞》，这一卦象被解释为“地中有水”，象征着像大地一样包容和养育众人。根据《断易天机》，只有德高望重的长者来统率军队，才能获得吉祥无咎。


据北宋易学家邵雍解，得师卦者将面临困难重重，忧心劳众，宜包容别人，艰苦努力，摒除一切困难。台湾国学大儒傅佩荣解则提到，对于时运、财运、家宅和身体等方面会有相应影响。


传统解卦认为，师卦具有养兵聚众、出师攻伐之象，彼此有伤，难得安宁的大象。在运势方面，预示着困难重重，需要以正规行事，谨小慎微，严于律已。在事业、经商、求名、婚恋和决策等方面，都需要保持冷静、谨慎，注意避免敌人和困难带来的不利影响，必能成功。"
周易中师卦的象征意义是什么？,"师卦是一个由坎卦（水）上承坤卦（地）组成的卦象，代表军队和指挥军情的卦象。根据《象辞》，这一卦象被解释为“地中有。水”，象征着像大地一样包容和养育众人。根据《断易天机》，只有德高望重的长者来统率军队，才能获得吉祥无咎。


据北宋易学家邵雍解，得师卦者将面临困难重，，重，忧心劳，，众，宜包容别人，艰苦；努力，摒除一切困难。台湾国学大儒傅佩荣解则提到，对于时运、财运、家宅和身体等方面会有相应影响。


、传统解卦认、为，师卦具有养兵聚众、出师攻伐之象，彼此有伤，难得；安宁的大象。在运势方、面，预示着困难重重，、需要以正规行事，谨小；慎微，严于律已。在事，业、经商、求名、婚恋和决策等方，，面，都需要保持冷静、、谨慎，注意，，避免敌人和困难带来的不利影响，必能成功。"
师卦的主要讲述内容是什么？,"师卦是一个由坎卦（水）上承坤卦（地）组成的卦象，代表军队和指挥军情的卦象。根据《象辞》，这一卦象被解释为“地中有水”，象征着像大地一样包容和养育众人。根据《断易天机》，只有德高望重的长者来统率军队，才能获得吉祥无咎。


据北宋易学家邵雍解，得师卦者将面临困难重重，忧心劳众，宜包容别人，艰苦努力，摒除一切困难。台湾国学大儒傅佩荣解则提到，对于时运、财运、家宅和身体等方面会有相应影响。


传统解卦认为，师卦具有养兵聚众、出师攻伐之象，彼此有伤，难得安宁的大象。在运势方面，预示着困难重重，需要以正规行事，谨小慎微，严于律已。在事业、经商、求名、婚恋和决策等方面，都需要保持冷静、谨慎，注意避免敌人和困难带来的不利影响，必能成功。"
周易师卦的核心思想是什么？,"师卦是一个由坎卦（水）上承坤卦（地）组成的卦象，代表军队和指挥军情的卦象。根据《象辞》，这一卦象被解释为“地中有水”，象征着像大地一样包容和养育众人。根据《断易天机》，只有德高望重的长者来统率军队，才能获得吉祥无咎。


据北宋易学家邵雍解，得师卦者将面临困难重重，忧心劳众，宜包容别人，艰苦努力，摒除一切困难。台湾国学大儒傅佩荣解则提到，对于时运、财运、家宅和身体等方面会有相应影响。


传统解卦认为，师卦具有养兵聚众、出师攻伐之象，彼此有伤，难得安宁的大象。在运势方面，预示着困难重重，需要以正规行事，谨小慎微，严于律已。在事业、经商、求名、婚恋和决策等方面，都需要保持冷静、谨慎，注意避免敌人和困难带来的不利影响，必能成功。"
师卦和启蒙教育之间有何联系？,"师卦是一个由坎卦（水）上承坤卦（地）组成的卦象，代表军队和指挥军情的卦象。根据《象辞》，这一卦象被解释为“地中有水”，象征着像大地一样包容和养育众人。根据《断易天机》，只有德高望重的长者来统率军队，才能获得吉祥无咎。


据北宋易学家邵雍解，得师卦者将面临困难重重，忧心劳众，宜包容别人，艰苦努力，摒除一切困难。台湾国学大儒傅佩荣解则提到，对于时运、财运、家宅和身体等方面会有相应影响。


传统解卦认为，师卦具有养兵聚众、出师攻伐之象，彼此有伤，难得安宁的大象。在运势方面，预示着困难重重，需要以正规行事，谨小慎微，严于律已。在事业、经商、求名、婚恋和决策等方面，都需要保持冷静、谨慎，注意避免敌人和困难带来的不利影响，必能成功。"
在周易中，师卦象征着什么？,"师卦是一个由坎卦（水）上承坤卦（地）组成的卦象，代表军队和指挥军情的卦象。根据《象辞》，这一卦象被解释为“地中有水”，象征着像大地一样包容和养育众人。根据《断易天机》，只有德高望重的长者来统率军队，才能获得吉祥无咎。


据北宋易学家邵雍解，得师卦者将面临困难重重，忧心劳众，宜包容别人，艰苦努力，摒除一切困难。台湾国学大儒傅佩荣解则提到，对于时运、财运、家宅和身体等方面会有相应影响。


传统解卦认为，师卦具有养兵聚众、出师攻伐之象，彼此有伤，难得安宁的大象。在运势方面，预示着困难重重，需要以正规行事，谨小慎微，严于律已。在事业、经商、求名、婚恋和决策等方面，都需要保持冷静、谨慎，注意避免敌人和困难带来的不利影响，必能成功。"
请描述师卦的含义。,"师卦是一个由坎卦（水）上承坤卦（地）组成的卦象，代表军队和指挥军情的卦象。根据《象辞》，这一卦象被解释为“地中有水”，象征着像大地一样包容和养育众人。根据《断易天机》，只有德高望重的长者来统率军队，才能获得吉祥无咎。


据北宋易学家邵雍解，得师卦者将面临困难重重，忧心劳众，宜包容别人，艰苦努力，摒除一切困难。台湾国学大儒傅佩荣解则提到，对于时运、财运、家宅和身体等方面会有相应影响。


传统解卦认为，师卦具有养兵聚众、出师攻伐之象，彼此有伤，难得安宁的大象。在运势方面，预示着困难重重，需要以正规行事，谨小慎微，严于律已。在事业、经商、求名、婚恋和决策等方面，都需要保持冷静、谨慎，注意避免敌人和困难带来的不利影响，必能成功。"
师卦在周易哲学中扮演什么角色？,"师卦是一个由坎卦（水）上承坤卦（地）组成的卦象，代表军队和指挥军情的卦象。根据《象辞》，这一卦象被解释为“地中有水”，象征着像大地一样包容和养育众人。根据《断易天机》，只有德高望重的长者来统率军队，才能获得吉祥无咎。


据北宋易学家邵雍解，得师卦者将面临困难重重，忧心劳众，宜包容别人，艰苦努力，摒除一切困难。台湾国学大儒傅佩荣解则提到，对于时运、财运、家宅和身体等方面会有相应影响。


传统解卦认为，师卦具有养兵聚众、出师攻伐之象，彼此有伤，难得安宁的大象。在运势方面，预示着困难重重，需要以正规行事，谨小慎微，严于律已。在事业、经商、求名、婚恋和决策等方面，都需要保持冷静、谨慎，注意避免敌人和困难带来的不利影响，必能成功。"
比卦代表什么？,"比卦""是周易卦象中的一枚卦，由下卦坤（地）上卦坎（水）组成，预示着吉利的变化。在卜筮时，再次占卜依然吉利，预示长期稳定无灾祸。然而，当不愿臣服的邦国未能前来朝贺时，将会带来危险。

在《象辞》中，比卦被描述为地上有水的情景，反映了相亲相依相互依赖的意义。先王观此卦象，取法于水附大地，地纳江河之象，因此此卦被解释为建立万国，亲近诸侯。

北宋易学家邵雍解释认为，比卦代表水在地面上流动，人际关系亲密和睦，各种事情无忧无虑。

台湾国学大儒傅佩荣解释认为，比卦的时运是众人相贺，财运是善人相扶，家宅方面是长久美满，身体方面则需早求治心腹水肿。

传统解卦认为，比卦预示着相亲相辅，宽宏无私，精诚团结的道理。在运势上，表示平顺，能得贵人提拔，事业宜速战速决，不宜过度迟疑。对于事业、经商、求名、婚恋等方面都有积极的影响，提醒人们待人宽厚、正直，主动热情，并谨慎选择朋友。

总之，""比卦"
周易中的比卦含义是什么？,"比卦""是周易卦象中的一枚卦，由下卦坤（地）上卦坎（水）组成，预示着吉利的变化。在卜筮时，再次占卜依然吉利，预示长期稳定无灾祸。然而，当不愿臣服的邦国未能前来朝贺时，将会带来危险。

在《象辞》中，比卦被描述为地上有水的情景，反映了相亲相依相互依赖的意义。先王观此卦象，取法于水附大地，地纳江河之象，因此此卦被解释为建立万国，亲近诸侯。

北宋易学家邵雍解释认为，比卦代表水在地面上流动，人际关系亲密和睦，各种事情无忧无虑。

台湾国学大儒傅佩荣解释认为，比卦的时运是众人相贺，财运是善人相扶，家宅方面是长久美满，身体方面则需早求治心腹水肿。

传统解卦认为，比卦预示着相亲相辅，宽宏无私，精诚团结的道理。在运势上，表示平顺，能得贵人提拔，事业宜速战速决，不宜过度迟疑。对于事业、经商、求名、婚恋等方面都有积极的影响，提醒人们待人宽厚、正直，主动热情，并谨慎选择朋友。

总之，""比卦"
请解释一下比卦。,"比卦""是周易卦象中的一枚卦，由下卦坤（地）上卦坎（水）组成，预示着吉利的变化。在卜筮时，再次占卜依然吉利，预示长期稳定无灾祸。然而，当不愿臣服的邦国未能前来朝贺时，将会带来危险。

在《象辞》中，比卦被描述为地上有水的情景，反映了相亲相依相互依赖的意义。先王观此卦象，取法于水附大地，地纳江河之象，因此此卦被解释为建立万国，亲近诸侯。

北宋易学家邵雍解释认为，比卦代表水在地面上流动，人际关系亲密和睦，各种事情无忧无虑。

台湾国学大儒傅佩荣解释认为，比卦的时运是众人相贺，财运是善人相扶，家宅方面是长久美满，身体方面则需早求治心腹水肿。

传统解卦认为，比卦预示着相亲相辅，宽宏无私，精诚团结的道理。在运势上，表示平顺，能得贵人提拔，事业宜速战速决，不宜过度迟疑。对于事业、经商、求名、婚恋等方面都有积极的影响，提醒人们待人宽厚、正直，主动热情，并谨慎选择朋友。

总之，""比卦"
比卦在周易中是什么象征？,"比，，卦""是周易卦象中的一枚卦，由下卦坤（地）、上卦坎（水；）组成，预示着吉利的，，变化。在卜筮时，再次占卜依然吉，，利，预示长，期稳定无灾。祸。然而，当不愿臣服的邦国未能。前来朝贺时。，将会带来危险。

在《象辞》中，比卦被描述为地上有水的情景，反映了相亲相依相互依赖的意义。先王观此；卦象，取法；于水附大地、，地纳江河之象，因此此卦被解释。为建立万国，亲近诸侯。

北宋，易学家邵雍，解释认为，比卦代表水在地面上流动，人际关系亲密和睦，各种事情无忧无虑。

台湾国，，学大儒傅佩荣解释认为、，比卦的时，运是众人相贺，财运是，善人相扶，；家宅方面是长久美满，、身体方面则需早求治心腹水肿。
，
传统解卦认为，比卦预示着相亲相辅，宽宏，无私，精诚；团结的道理，，。在运势上，表示平顺，能得贵人提拔，事业、宜速战速决，不宜过度迟疑。对于事业、经商。、求名、婚恋等方面都有积极的影响，提醒人们待人宽厚、正直，主动热情，并；谨慎选择朋友。

总，之，""比卦"
周易比卦的深层含义是什么？,"比卦""是周易卦象中的一枚卦，由下卦坤（地）上卦坎（水）组成，预示着吉利的变化。在卜筮时，再次占卜依然吉利，预示长期稳定无灾祸。然而，当不愿臣服的邦国未能前来朝贺时，将会带来危险。

在《象辞》中，比卦被描述为地上有水的情景，反映了相亲相依相互依赖的意义。先王观此卦象，取法于水附大地，地纳江河之象，因此此卦被解释为建立万国，亲近诸侯。

北宋易学家邵雍解释认为，比卦代表水在地面上流动，人际关系亲密和睦，各种事情无忧无虑。

台湾国学大儒傅佩荣解释认为，比卦的时运是众人相贺，财运是善人相扶，家宅方面是长久美满，身体方面则需早求治心腹水肿。

传统解卦认为，比卦预示着相亲相辅，宽宏无私，精诚团结的道理。在运势上，表示平顺，能得贵人提拔，事业宜速战速决，不宜过度迟疑。对于事业、经商、求名、婚恋等方面都有积极的影响，提醒人们待人宽厚、正直，主动热情，并谨慎选择朋友。

总之，""比卦"
比卦和教育启蒙有什么联系？,"比卦""是周易卦象中的一枚卦，由下卦坤（地）上卦坎（水）组成，预示着吉利的变化。在卜筮时，再次占卜依然吉利，预示长期稳定无灾祸。然而，当不愿臣服的邦国未能前来朝贺时，将会带来危险。

在《象辞》中，比卦被描述为地上有水的情景，反映了相亲相依相互依赖的意义。先王观此卦象，取法于水附大地，地纳江河之象，因此此卦被解释为建立万国，亲近诸侯。

北宋易学家邵雍解释认为，比卦代表水在地面上流动，人际关系亲密和睦，各种事情无忧无虑。

台湾国学大儒傅佩荣解释认为，比卦的时运是众人相贺，财运是善人相扶，家宅方面是长久美满，身体方面则需早求治心腹水肿。

传统解卦认为，比卦预示着相亲相辅，宽宏无私，精诚团结的道理。在运势上，表示平顺，能得贵人提拔，事业宜速战速决，不宜过度迟疑。对于事业、经商、求名、婚恋等方面都有积极的影响，提醒人们待人宽厚、正直，主动热情，并谨慎选择朋友。

总之，""比卦"
周易的比卦讲述了什么？,"比卦""是周易卦象中的一枚卦，由下卦坤（地）上卦坎（水）组成，预示着吉利的变化。在卜筮时，再次占卜依然吉利，预示长期稳定无灾祸。然而，当不愿臣服的邦国未能前来朝贺时，将会带来危险。

在《象辞》中，比卦被描述为地上有水的情景，反映了相亲相依相互依赖的意义。先王观此卦象，取法于水附大地，地纳江河之象，因此此卦被解释为建立万国，亲近诸侯。

北宋易学家邵雍解释认为，比卦代表水在地面上流动，人际关系亲密和睦，各种事情无忧无虑。

台湾国学大儒傅佩荣解释认为，比卦的时运是众人相贺，财运是善人相扶，家宅方面是长久美满，身体方面则需早求治心腹水肿。

传统解卦认为，比卦预示着相亲相辅，宽宏无私，精诚团结的道理。在运势上，表示平顺，能得贵人提拔，事业宜速战速决，不宜过度迟疑。对于事业、经商、求名、婚恋等方面都有积极的影响，提醒人们待人宽厚、正直，主动热情，并谨慎选择朋友。

总之，""比卦"
比卦是怎样的一个卦象？,"比卦""是周易卦象中的一；枚卦，由下；卦坤（地）上卦坎（水。）组成，预，示着吉利的变化。在卜筮时，再次占卜依然吉；利，预示长期稳定无灾祸。然而，当不愿臣服的邦国未能；前来朝贺时，将会带来危险。

在《象辞》中，比卦被描述为地上有水的情景，，，反映了相亲相依相互，依赖的意义。先王观此，，卦象，取法于水附大地、，地纳江河。之象，因此此卦被解释为建立万国，亲近诸侯。

北宋。易学家邵雍解释认为，比卦代表水在地面上流动，人际关系亲密和睦，各种事情无忧无虑。

台湾国学大儒傅佩、荣解释认为；，比卦的时，运是众人相贺，财运是善人相扶，家宅方面是长久美满，身体方面则、需早求治心腹水肿。

传统解卦，，认为，比卦预示着相亲相辅，宽宏无私，精诚团结的道理，，。在运势上。，表示平顺，能得贵人。提拔，事业宜速战速决，不宜过度；迟疑。对于事业、经商，、求名、婚恋等方面都有积极的影响，提醒人，们待人宽厚；、正直，主动热情，并谨慎选择朋，友。

总之，""比卦，，"
比卦在周易中怎样表达教育的概念？,"比，卦""是周易，卦象中的一枚卦，由下卦坤（地），上卦坎（水）组成，预示着吉利的变化。在卜、筮时，再次占卜依然吉利，预示长期稳定无灾祸。然而，、当不愿臣服的邦国未能前来朝贺时，将会带来；危险。

，在《象辞》中，比卦被描述为地上、有水的情景，反映了相亲相依相互依赖的意义。先王观此卦象，取法于水附大地，地纳江河、之象，因此、此卦被解释为建立万国，亲近诸侯。

北宋。易学家邵雍解释认为，比卦代表水，在地面上流，，动，人际关；系亲密和睦，各种事情、无忧无虑。

台湾国学大儒傅佩荣解释认为，，比卦的时，，运是众人相，贺，财运是；善人相扶，家宅方面是长久美满，，，身体方面则；需早求治心，，腹水肿。

传统解卦认为，比卦；预示着相亲相辅，宽宏。无私，精诚团结的道理。。在运势上，表示平顺，，能得贵人；提拔，事业；宜速战速决，不宜过度，，迟疑。对于事业、经商、求名、婚，恋等方面都有积极的影响，提醒人、们待人宽厚、正直，主动热情，并谨慎选择朋友。

总，之，""比卦"
比卦的基本意义是什么？,"比卦""是周易卦象中的一枚卦，由下卦坤（地）上卦坎（水）组成，预示着吉利的变化。在卜筮时，再次占卜依然吉利，预示长期稳定无灾祸。然而，当不愿臣服的邦国未能前来朝贺时，将会带来危险。

在《象辞》中，比卦被描述为地上有水的情景，反映了相亲相依相互依赖的意义。先王观此卦象，取法于水附大地，地纳江河之象，因此此卦被解释为建立万国，亲近诸侯。

北宋易学家邵雍解释认为，比卦代表水在地面上流动，人际关系亲密和睦，各种事情无忧无虑。

台湾国学大儒傅佩荣解释认为，比卦的时运是众人相贺，财运是善人相扶，家宅方面是长久美满，身体方面则需早求治心腹水肿。

传统解卦认为，比卦预示着相亲相辅，宽宏无私，精诚团结的道理。在运势上，表示平顺，能得贵人提拔，事业宜速战速决，不宜过度迟疑。对于事业、经商、求名、婚恋等方面都有积极的影响，提醒人们待人宽厚、正直，主动热情，并谨慎选择朋友。

总之，""比卦"
周易中比卦的解释是什么？,"比卦""是周易卦象中的一枚卦，由下卦坤（地）上卦坎（水）组成，预示着吉利的变化。在卜筮时，再次占卜依然吉利，预示长期稳定无灾祸。然而，当不愿臣服的邦国未能前来朝贺时，将会带来危险。

在《象辞》中，比卦被描述为地上有水的情景，反映了相亲相依相互依赖的意义。先王观此卦象，取法于水附大地，地纳江河之象，因此此卦被解释为建立万国，亲近诸侯。

北宋易学家邵雍解释认为，比卦代表水在地面上流动，人际关系亲密和睦，各种事情无忧无虑。

台湾国学大儒傅佩荣解释认为，比卦的时运是众人相贺，财运是善人相扶，家宅方面是长久美满，身体方面则需早求治心腹水肿。

传统解卦认为，比卦预示着相亲相辅，宽宏无私，精诚团结的道理。在运势上，表示平顺，能得贵人提拔，事业宜速战速决，不宜过度迟疑。对于事业、经商、求名、婚恋等方面都有积极的影响，提醒人们待人宽厚、正直，主动热情，并谨慎选择朋友。

总之，""比卦"
比卦在周易中代表了哪些方面？,"比卦""是周易卦象中的一枚卦，由下卦坤（地）上卦坎（水）组成，预示着吉利的变化。在卜筮时，再次占卜依然吉利，预示长期稳定无灾祸。然而，当不愿臣服的邦国未能前来朝贺时，将会带来危险。

在《象辞》中，比卦被描述为地上有水的情景，反映了相亲相依相互依赖的意义。先王观此卦象，取法于水附大地，地纳江河之象，因此此卦被解释为建立万国，亲近诸侯。

北宋易学家邵雍解释认为，比卦代表水在地面上流动，人际关系亲密和睦，各种事情无忧无虑。

台湾国学大儒傅佩荣解释认为，比卦的时运是众人相贺，财运是善人相扶，家宅方面是长久美满，身体方面则需早求治心腹水肿。

传统解卦认为，比卦预示着相亲相辅，宽宏无私，精诚团结的道理。在运势上，表示平顺，能得贵人提拔，事业宜速战速决，不宜过度迟疑。对于事业、经商、求名、婚恋等方面都有积极的影响，提醒人们待人宽厚、正直，主动热情，并谨慎选择朋友。

总之，""比卦"
比卦涉及哪些哲学思想？,"比卦""是周易卦象中的一枚卦，由下卦坤（地）上卦坎（水）组成，预示着吉利的变化。在卜筮时，再次占卜依然吉利，预示长期稳定无灾祸。然而，当不愿臣服的邦国未能前来朝贺时，将会带来危险。

在《象辞》中，比卦被描述为地上有水的情景，反映了相亲相依相互依赖的意义。先王观此卦象，取法于水附大地，地纳江河之象，因此此卦被解释为建立万国，亲近诸侯。

北宋易学家邵雍解释认为，比卦代表水在地面上流动，人际关系亲密和睦，各种事情无忧无虑。

台湾国学大儒傅佩荣解释认为，比卦的时运是众人相贺，财运是善人相扶，家宅方面是长久美满，身体方面则需早求治心腹水肿。

传统解卦认为，比卦预示着相亲相辅，宽宏无私，精诚团结的道理。在运势上，表示平顺，能得贵人提拔，事业宜速战速决，不宜过度迟疑。对于事业、经商、求名、婚恋等方面都有积极的影响，提醒人们待人宽厚、正直，主动热情，并谨慎选择朋友。

总之，""比卦"
周易中比卦的象征意义是什么？,"比卦""是周易卦象中的一枚卦，由下卦坤（地）上卦坎（水）组成，预示着吉利的变化。在卜筮时，再次占卜依然吉利，预示长期稳定无灾祸。然而，当不愿臣服的邦国未能前来朝贺时，将会带来危险。

在《象辞》中，比卦被描述为地上有水的情景，反映了相亲相依相互依赖的意义。先王观此卦象，取法于水附大地，地纳江河之象，因此此卦被解释为建立万国，亲近诸侯。

北宋易学家邵雍解释认为，比卦代表水在地面上流动，人际关系亲密和睦，各种事情无忧无虑。

台湾国学大儒傅佩荣解释认为，比卦的时运是众人相贺，财运是善人相扶，家宅方面是长久美满，身体方面则需早求治心腹水肿。

传统解卦认为，比卦预示着相亲相辅，宽宏无私，精诚团结的道理。在运势上，表示平顺，能得贵人提拔，事业宜速战速决，不宜过度迟疑。对于事业、经商、求名、婚恋等方面都有积极的影响，提醒人们待人宽厚、正直，主动热情，并谨慎选择朋友。

总之，""比卦"
比卦的主要讲述内容是什么？,"比卦""是周易、卦象中的一枚卦，由下卦堃（地）。上卦坎（水）组成，预示着吉利的变化。在卜筮时，再次占卜依然吉利，预示长期稳定无灾；祸。然而，当不愿臣服的邦国未能前来朝贺时，将会带来危险。

。在《象辞》，中，比卦被描述为地上有水的情景，反映了相亲相依相互，依赖的意义；。先王观此卦象，取法于水附大地，地纳江河之象，因此此卦被解释为建立万国，亲近诸侯。

北宋易学家邵雍解释认为，，，比卦代表水在地面上流动，人际关系亲密和睦，，各种事情。无忧无虑。

台湾国学大儒傅佩；荣解释认为，比卦的时运是众人相贺，财运是善人相扶，家宅方面是。长久美满，身体方面则、需早求治心腹水肿。

传统解卦认为，比卦预示着相亲相辅，宽宏；无私，精诚团结的道理。在运势上，表示平顺，能得贵人提拔，事业宜速战速决，不宜过度，迟疑。对于事业、经商，、求名、婚，，恋等方面都；有积极的影响，提醒人们待人宽厚、正直，主动热情，并谨慎选择朋，，友。

总之，""比卦"
周易比卦的核心思想是什么？,"比卦""是周易卦象中的一枚卦，由下卦坤（地）上卦坎（水）组成，预示着吉利的变化。在卜筮时，再次占卜依然吉利，预示长期稳定无灾祸。然而，当不愿臣服的邦国未能前来朝贺时，将会带来危险。

在《象辞》中，比卦被描述为地上有水的情景，反映了相亲相依相互依赖的意义。先王观此卦象，取法于水附大地，地纳江河之象，因此此卦被解释为建立万国，亲近诸侯。

北宋易学家邵雍解释认为，比卦代表水在地面上流动，人际关系亲密和睦，各种事情无忧无虑。

台湾国学大儒傅佩荣解释认为，比卦的时运是众人相贺，财运是善人相扶，家宅方面是长久美满，身体方面则需早求治心腹水肿。

传统解卦认为，比卦预示着相亲相辅，宽宏无私，精诚团结的道理。在运势上，表示平顺，能得贵人提拔，事业宜速战速决，不宜过度迟疑。对于事业、经商、求名、婚恋等方面都有积极的影响，提醒人们待人宽厚、正直，主动热情，并谨慎选择朋友。

总之，""比卦"
比卦和启蒙教育之间有何联系？,"比卦""是周易卦象中的一枚卦，由下卦坤（地）上卦坎（水）组成，预示着吉利的变化。在卜筮时，再次占卜依然吉利，预示长期稳定无灾祸。然而，当不愿臣服的邦国未能前来朝贺时，将会带来危险。

在《象辞》中，比卦被描述为地上有水的情景，反映了相亲相依相互依赖的意义。先王观此卦象，取法于水附大地，地纳江河之象，因此此卦被解释为建立万国，亲近诸侯。

北宋易学家邵雍解释认为，比卦代表水在地面上流动，人际关系亲密和睦，各种事情无忧无虑。

台湾国学大儒傅佩荣解释认为，比卦的时运是众人相贺，财运是善人相扶，家宅方面是长久美满，身体方面则需早求治心腹水肿。

传统解卦认为，比卦预示着相亲相辅，宽宏无私，精诚团结的道理。在运势上，表示平顺，能得贵人提拔，事业宜速战速决，不宜过度迟疑。对于事业、经商、求名、婚恋等方面都有积极的影响，提醒人们待人宽厚、正直，主动热情，并谨慎选择朋友。

总之，""比卦"
在周易中，比卦象征着什么？,"比卦""是周易卦象中的一枚卦，由下卦坤（地）上卦坎（水）组成，预示着吉利的变化。在卜筮时，再次占卜依然吉利，预示长期稳定无灾祸。然而，当不愿臣服的邦国未能前来朝贺时，将会带来危险。

在《象辞》中，比卦被描述为地上有水的情景，反映了相亲相依相互依赖的意义。先王观此卦象，取法于水附大地，地纳江河之象，因此此卦被解释为建立万国，亲近诸侯。

北宋易学家邵雍解释认为，比卦代表水在地面上流动，人际关系亲密和睦，各种事情无忧无虑。

台湾国学大儒傅佩荣解释认为，比卦的时运是众人相贺，财运是善人相扶，家宅方面是长久美满，身体方面则需早求治心腹水肿。

传统解卦认为，比卦预示着相亲相辅，宽宏无私，精诚团结的道理。在运势上，表示平顺，能得贵人提拔，事业宜速战速决，不宜过度迟疑。对于事业、经商、求名、婚恋等方面都有积极的影响，提醒人们待人宽厚、正直，主动热情，并谨慎选择朋友。

总之，""比卦"
请描述比卦的含义。,"比卦""是周易卦象中的一枚卦，由下卦坤（地）上卦坎（水）组成，预示着吉利的变化。在卜筮时，再次占卜依然吉利，预示长期稳定无灾祸。然而，当不愿臣服的邦国未能前来朝贺时，将会带来危险。

在《象辞》中，比卦被描述为地上有水的情景，反映了相亲相依相互依赖的意义。先王观此卦象，取法于水附大地，地纳江河之象，因此此卦被解释为建立万国，亲近诸侯。

北宋易学家邵雍解释认为，比卦代表水在地面上流动，人际关系亲密和睦，各种事情无忧无虑。

台湾国学大儒傅佩荣解释认为，比卦的时运是众人相贺，财运是善人相扶，家宅方面是长久美满，身体方面则需早求治心腹水肿。

传统解卦认为，比卦预示着相亲相辅，宽宏无私，精诚团结的道理。在运势上，表示平顺，能得贵人提拔，事业宜速战速决，不宜过度迟疑。对于事业、经商、求名、婚恋等方面都有积极的影响，提醒人们待人宽厚、正直，主动热情，并谨慎选择朋友。

总之，""比卦"
比卦在周易哲学中扮演什么角色？,"比卦""是周易卦象中的一枚卦，由下卦坤（地）上卦坎（水）组成，预示着吉利的变化。在卜筮时，再次占卜依然吉利，预示长期稳定无灾祸。然而，当不愿臣服的邦国未能前来朝贺时，将会带来危险。

在《象辞》中，比卦被描述为地上有水的情景，反映了相亲相依相互依赖的意义。先王观此卦象，取法于水附大地，地纳江河之象，因此此卦被解释为建立万国，亲近诸侯。

北宋易学家邵雍解释认为，比卦代表水在地面上流动，人际关系亲密和睦，各种事情无忧无虑。

台湾国学大儒傅佩荣解释认为，比卦的时运是众人相贺，财运是善人相扶，家宅方面是长久美满，身体方面则需早求治心腹水肿。

传统解卦认为，比卦预示着相亲相辅，宽宏无私，精诚团结的道理。在运势上，表示平顺，能得贵人提拔，事业宜速战速决，不宜过度迟疑。对于事业、经商、求名、婚恋等方面都有积极的影响，提醒人们待人宽厚、正直，主动热情，并谨慎选择朋友。

总之，""比卦"
坤卦代表什么？,"坤卦是周易中的一卦，代表大地的形势，象征顺顺利利，顺应天道。它由两个坤卦叠加而成，全为阴卦，具有纯阴性质。在卜问中，坤卦预示着利于雌马的贞正之象，吉利的事情会发生。同时，出行需谨慎，起初可能会迷失方向，但最终会找到主人，带来吉利。前往西南会得到朋友，前往东北会失去朋友。在安定的状态下，能够得到吉祥。

坤卦的形势平铺舒展，代表地道生育抚养万物，依循天时地利，象征以厚德载物。在决策上，应该顺从运势，守正静待，不宜急进，须以静制动为宜。事业发展上，要注重内心修养，广纳众意，以柔克刚为原则，力求和谐共生。经商求名上，同样要稳健行事，不宜冒险急进，在合作中共同完成事业。

综上所述，坤卦意味着安稳、柔顺、温和、顺应天道，需要以厚德载物，以守正静待为策略，以诚信待人，收敛于己，力求温和和谐。""

format:""卦名:坤卦\n解释:坤卦是周易中的一卦，代表大地的形势，象征顺顺利利，顺应天道。它由两个坤卦叠加而成，全为阴卦，具有纯阴性质。在卜问中，坤卦预示着利于雌马的贞正之象，吉利的事情会发生。同时，出行需谨慎，起初可能会迷失方向，但最终会找到主人，带来吉利。前往西南会得到朋友，前往东北会失去朋友。在安定的状态下，能够得到吉祥。\n\n坤卦的形势平铺舒展，代表地道生育抚养万物，依循天时地利，象征以厚德载物。在决策上，应该顺从运势，守正静待，不宜急进，须以静制动为宜。事业发展上，要注重内心修养，广纳众意，以柔克刚为原则，力求和谐共生。经商求名上，同样要稳健行事，不宜冒险急进，在合作中共同完成事业。\n\n综上所述，坤卦意味着安稳、柔顺、温和、顺应天道，需要以厚德载物，以守正静待为策略，以诚信待人，收敛于己，力求温和和谐。"
周易中的坤卦含义是什么？,"坤卦是周易中的一卦，代表大地的形势，象征顺顺利利，顺应天道。它由两个坤卦叠加而成，全为阴卦，具有纯阴性质。在卜问中，坤卦预示着利于雌马的贞正之象，吉利的事情会发生。同时，出行需谨慎，起初可能会迷失方向，但最终会找到主人，带来吉利。前往西南会得到朋友，前往东北会失去朋友。在安定的状态下，能够得到吉祥。

坤卦的形势平铺舒展，代表地道生育抚养万物，依循天时地利，象征以厚德载物。在决策上，应该顺从运势，守正静待，不宜急进，须以静制动为宜。事业发展上，要注重内心修养，广纳众意，以柔克刚为原则，力求和谐共生。经商求名上，同样要稳健行事，不宜冒险急进，在合作中共同完成事业。

综上所述，坤卦意味着安稳、柔顺、温和、顺应天道，需要以厚德载物，以守正静待为策略，以诚信待人，收敛于己，力求温和和谐。""

format:""卦名:坤卦\n解释:坤卦是周易中的一卦，代表大地的形势，象征顺顺利利，顺应天道。它由两个坤卦叠加而成，全为阴卦，具有纯阴性质。在卜问中，坤卦预示着利于雌马的贞正之象，吉利的事情会发生。同时，出行需谨慎，起初可能会迷失方向，但最终会找到主人，带来吉利。前往西南会得到朋友，前往东北会失去朋友。在安定的状态下，能够得到吉祥。\n\n坤卦的形势平铺舒展，代表地道生育抚养万物，依循天时地利，象征以厚德载物。在决策上，应该顺从运势，守正静待，不宜急进，须以静制动为宜。事业发展上，要注重内心修养，广纳众意，以柔克刚为原则，力求和谐共生。经商求名上，同样要稳健行事，不宜冒险急进，在合作中共同完成事业。\n\n综上所述，坤卦意味着安稳、柔顺、温和、顺应天道，需要以厚德载物，以守正静待为策略，以诚信待人，收敛于己，力求温和和谐。"
请解释一下坤卦。,"坤卦是周易中的一卦，代表大地的形势，象征顺顺利利，顺应天道。它由两个坤卦叠加而成，全为阴卦，具有纯阴性质。在卜问中，坤卦预示着利于雌马的贞正之象，吉利的事情会发生。同时，出行需谨慎，起初可能会迷失方向，但最终会找到主人，带来吉利。前往西南会得到朋友，前往东北会失去朋友。在安定的状态下，能够得到吉祥。

坤卦的形势平铺舒展，代表地道生育抚养万物，依循天时地利，象征以厚德载物。在决策上，应该顺从运势，守正静待，不宜急进，须以静制动为宜。事业发展上，要注重内心修养，广纳众意，以柔克刚为原则，力求和谐共生。经商求名上，同样要稳健行事，不宜冒险急进，在合作中共同完成事业。

综上所述，坤卦意味着安稳、柔顺、温和、顺应天道，需要以厚德载物，以守正静待为策略，以诚信待人，收敛于己，力求温和和谐。""

format:""卦名:坤卦\n解释:坤卦是周易中的一卦，代表大地的形势，象征顺顺利利，顺应天道。它由两个坤卦叠加而成，全为阴卦，具有纯阴性质。在卜问中，坤卦预示着利于雌马的贞正之象，吉利的事情会发生。同时，出行需谨慎，起初可能会迷失方向，但最终会找到主人，带来吉利。前往西南会得到朋友，前往东北会失去朋友。在安定的状态下，能够得到吉祥。\n\n坤卦的形势平铺舒展，代表地道生育抚养万物，依循天时地利，象征以厚德载物。在决策上，应该顺从运势，守正静待，不宜急进，须以静制动为宜。事业发展上，要注重内心修养，广纳众意，以柔克刚为原则，力求和谐共生。经商求名上，同样要稳健行事，不宜冒险急进，在合作中共同完成事业。\n\n综上所述，坤卦意味着安稳、柔顺、温和、顺应天道，需要以厚德载物，以守正静待为策略，以诚信待人，收敛于己，力求温和和谐。"
坤卦在周易中是什么象征？,"坤卦是周易中的一卦，代表大地的形势，象征顺顺利利，顺应天道。它由两个坤卦叠加而成，全为阴卦，具有纯阴性质。在卜问中，坤卦预示着利于雌马的贞正之象，吉利的事情会发生。同时，出行需谨慎，起初可能会迷失方向，但最终会找到主人，带来吉利。前往西南会得到朋友，前往东北会失去朋友。在安定的状态下，能够得到吉祥。

坤卦的形势平铺舒展，代表地道生育抚养万物，依循天时地利，象征以厚德载物。在决策上，应该顺从运势，守正静待，不宜急进，须以静制动为宜。事业发展上，要注重内心修养，广纳众意，以柔克刚为原则，力求和谐共生。经商求名上，同样要稳健行事，不宜冒险急进，在合作中共同完成事业。

综上所述，坤卦意味着安稳、柔顺、温和、顺应天道，需要以厚德载物，以守正静待为策略，以诚信待人，收敛于己，力求温和和谐。""

format:""卦名:坤卦\n解释:坤卦是周易中的一卦，代表大地的形势，象征顺顺利利，顺应天道。它由两个坤卦叠加而成，全为阴卦，具有纯阴性质。在卜问中，坤卦预示着利于雌马的贞正之象，吉利的事情会发生。同时，出行需谨慎，起初可能会迷失方向，但最终会找到主人，带来吉利。前往西南会得到朋友，前往东北会失去朋友。在安定的状态下，能够得到吉祥。\n\n坤卦的形势平铺舒展，代表地道生育抚养万物，依循天时地利，象征以厚德载物。在决策上，应该顺从运势，守正静待，不宜急进，须以静制动为宜。事业发展上，要注重内心修养，广纳众意，以柔克刚为原则，力求和谐共生。经商求名上，同样要稳健行事，不宜冒险急进，在合作中共同完成事业。\n\n综上所述，坤卦意味着安稳、柔顺、温和、顺应天道，需要以厚德载物，以守正静待为策略，以诚信待人，收敛于己，力求温和和谐。"
周易坤卦的深层含义是什么？,"坤卦是周易中的一卦，代表大地的形势，象征顺顺利利，顺应天道。它由两个坤卦叠加而成，全为阴卦，具有纯阴性质。在卜问中，坤卦预示着利于雌马的贞正之象，吉利的事情会发生。同时，出行需谨慎，起初可能会迷失方向，但最终会找到主人，带来吉利。前往西南会得到朋友，前往东北会失去朋友。在安定的状态下，能够得到吉祥。

坤卦的形势平铺舒展，代表地道生育抚养万物，依循天时地利，象征以厚德载物。在决策上，应该顺从运势，守正静待，不宜急进，须以静制动为宜。事业发展上，要注重内心修养，广纳众意，以柔克刚为原则，力求和谐共生。经商求名上，同样要稳健行事，不宜冒险急进，在合作中共同完成事业。

综上所述，坤卦意味着安稳、柔顺、温和、顺应天道，需要以厚德载物，以守正静待为策略，以诚信待人，收敛于己，力求温和和谐。""

format:""卦名:坤卦\n解释:坤卦是周易中的一卦，代表大地的形势，象征顺顺利利，顺应天道。它由两个坤卦叠加而成，全为阴卦，具有纯阴性质。在卜问中，坤卦预示着利于雌马的贞正之象，吉利的事情会发生。同时，出行需谨慎，起初可能会迷失方向，但最终会找到主人，带来吉利。前往西南会得到朋友，前往东北会失去朋友。在安定的状态下，能够得到吉祥。\n\n坤卦的形势平铺舒展，代表地道生育抚养万物，依循天时地利，象征以厚德载物。在决策上，应该顺从运势，守正静待，不宜急进，须以静制动为宜。事业发展上，要注重内心修养，广纳众意，以柔克刚为原则，力求和谐共生。经商求名上，同样要稳健行事，不宜冒险急进，在合作中共同完成事业。\n\n综上所述，坤卦意味着安稳、柔顺、温和、顺应天道，需要以厚德载物，以守正静待为策略，以诚信待人，收敛于己，力求温和和谐。"
坤卦和教育启蒙有什么联系？,"坤卦是周易中的一卦，代表大地的形势，象征顺顺利利，顺应天道。它由两个坤卦叠加而成，全为阴卦，具有纯阴性质。在卜问中，坤卦预示着利于雌马的贞正之象，吉利的事情会发生。同时，出行需谨慎，起初可能会迷失方向，但最终会找到主人，带来吉利。前往西南会得到朋友，前往东北会失去朋友。在安定的状态下，能够得到吉祥。

坤卦的形势平铺舒展，代表地道生育抚养万物，依循天时地利，象征以厚德载物。在决策上，应该顺从运势，守正静待，不宜急进，须以静制动为宜。事业发展上，要注重内心修养，广纳众意，以柔克刚为原则，力求和谐共生。经商求名上，同样要稳健行事，不宜冒险急进，在合作中共同完成事业。

综上所述，坤卦意味着安稳、柔顺、温和、顺应天道，需要以厚德载物，以守正静待为策略，以诚信待人，收敛于己，力求温和和谐。""

format:""卦名:坤卦\n解释:坤卦是周易中的一卦，代表大地的形势，象征顺顺利利，顺应天道。它由两个坤卦叠加而成，全为阴卦，具有纯阴性质。在卜问中，坤卦预示着利于雌马的贞正之象，吉利的事情会发生。同时，出行需谨慎，起初可能会迷失方向，但最终会找到主人，带来吉利。前往西南会得到朋友，前往东北会失去朋友。在安定的状态下，能够得到吉祥。\n\n坤卦的形势平铺舒展，代表地道生育抚养万物，依循天时地利，象征以厚德载物。在决策上，应该顺从运势，守正静待，不宜急进，须以静制动为宜。事业发展上，要注重内心修养，广纳众意，以柔克刚为原则，力求和谐共生。经商求名上，同样要稳健行事，不宜冒险急进，在合作中共同完成事业。\n\n综上所述，坤卦意味着安稳、柔顺、温和、顺应天道，需要以厚德载物，以守正静待为策略，以诚信待人，收敛于己，力求温和和谐。"
周易的坤卦讲述了什么？,"坤卦是周易中的一卦，代；表大地的形，，势，象征顺顺利利，顺应天道。它由两个坤卦叠加而成，，，全为阴卦，，，具有纯阴性质。在卜问。中，坤卦预、示着利于雌，马的贞正之象，吉利的事情会发生，。同时，出；行需谨慎，起初可能会、迷失方向，但最终会找到主人，带来吉利。前往西南会得；到朋友，前往东北会失去朋友。在、安定的状态下，能够得到吉祥。

坤卦的形势平铺舒展，代表地道；生育抚养万、物，依循天时地利，象征以厚德载。物。在决策上，应该顺，，从运势，守正静待，不宜急进，须以静制动为宜。事业发展上，要注，，重内心修养，广纳众意，，，以柔克刚为原则，力求和谐共生，，。经商求名上，同样要稳健行事，不宜冒险急进，在合作中共同完成、事业。

综上所述，，坤卦意味着安稳、柔顺、温和、顺应天道，需，，要以厚德载物，以守正静待为策略，以诚信待人，收敛于己，力求温。和和谐。""

for，mat:""卦名:坤卦\n解释:坤卦是周易、中的一卦，代表大地的形势，象征顺顺利利，。顺应天道。、它由两个坤卦叠加而成，全为阴卦，具有纯阴。性质。在卜问中，坤卦预示着利于雌马的贞正之象，吉利的事情会发生。同时，出行需谨慎，起初可能会迷失方向、，但最终会找到主人，，，带来吉利。前往西南会得到朋友，前往东北会失去朋友。在安定的状，态下，能够得到吉祥。\n\n坤卦的形势平，，铺舒展，代表地道生育抚养万物，依循天时地利，象征以厚德载物。在决策上，；应该顺从运。势，守正静待，不宜急进，须以静制动为宜。事业发展上、，要注重内心修养，广纳众意，以柔克刚为原则，力求和；谐共生。经商求名上，、同样要稳健行事，不宜冒险急进，在合作中共同完成事业，。\n\n综上所述，坤卦意味着安稳、柔顺，、温和、顺应天道，需要以厚德载物，以守正，静待为策略，以诚信待人，收敛于；己，力求温和和谐。"
坤卦是怎样的一个卦象？,"坤卦是周易中的一卦，代表大地的形势，象征顺顺利利，顺应天道。它由两个坤卦叠加而成，全为阴卦，具有纯阴性质。在卜问中，坤卦预示着利于雌马的贞正之象，吉利的事情会发生。同时，出行需谨慎，起初可能会迷失方向，但最终会找到主人，带来吉利。前往西南会得到朋友，前往东北会失去朋友。在安定的状态下，能够得到吉祥。

坤卦的形势平铺舒展，代表地道生育抚养万物，依循天时地利，象征以厚德载物。在决策上，应该顺从运势，守正静待，不宜急进，须以静制动为宜。事业发展上，要注重内心修养，广纳众意，以柔克刚为原则，力求和谐共生。经商求名上，同样要稳健行事，不宜冒险急进，在合作中共同完成事业。

综上所述，坤卦意味着安稳、柔顺、温和、顺应天道，需要以厚德载物，以守正静待为策略，以诚信待人，收敛于己，力求温和和谐。""

format:""卦名:坤卦\n解释:坤卦是周易中的一卦，代表大地的形势，象征顺顺利利，顺应天道。它由两个坤卦叠加而成，全为阴卦，具有纯阴性质。在卜问中，坤卦预示着利于雌马的贞正之象，吉利的事情会发生。同时，出行需谨慎，起初可能会迷失方向，但最终会找到主人，带来吉利。前往西南会得到朋友，前往东北会失去朋友。在安定的状态下，能够得到吉祥。\n\n坤卦的形势平铺舒展，代表地道生育抚养万物，依循天时地利，象征以厚德载物。在决策上，应该顺从运势，守正静待，不宜急进，须以静制动为宜。事业发展上，要注重内心修养，广纳众意，以柔克刚为原则，力求和谐共生。经商求名上，同样要稳健行事，不宜冒险急进，在合作中共同完成事业。\n\n综上所述，坤卦意味着安稳、柔顺、温和、顺应天道，需要以厚德载物，以守正静待为策略，以诚信待人，收敛于己，力求温和和谐。"
坤卦在周易中怎样表达教育的概念？,"坤卦是周易中的一卦，代表大地的形势，象征顺顺利利，顺应天道。它由两个坤卦叠加而成，全为阴卦，具有纯阴性质。在卜问中，坤卦预示着利于雌马的贞正之象，吉利的事情会发生。同时，出行需谨慎，起初可能会迷失方向，但最终会找到主人，带来吉利。前往西南会得到朋友，前往东北会失去朋友。在安定的状态下，能够得到吉祥。

坤卦的形势平铺舒展，代表地道生育抚养万物，依循天时地利，象征以厚德载物。在决策上，应该顺从运势，守正静待，不宜急进，须以静制动为宜。事业发展上，要注重内心修养，广纳众意，以柔克刚为原则，力求和谐共生。经商求名上，同样要稳健行事，不宜冒险急进，在合作中共同完成事业。

综上所述，坤卦意味着安稳、柔顺、温和、顺应天道，需要以厚德载物，以守正静待为策略，以诚信待人，收敛于己，力求温和和谐。""

format:""卦名:坤卦\n解释:坤卦是周易中的一卦，代表大地的形势，象征顺顺利利，顺应天道。它由两个坤卦叠加而成，全为阴卦，具有纯阴性质。在卜问中，坤卦预示着利于雌马的贞正之象，吉利的事情会发生。同时，出行需谨慎，起初可能会迷失方向，但最终会找到主人，带来吉利。前往西南会得到朋友，前往东北会失去朋友。在安定的状态下，能够得到吉祥。\n\n坤卦的形势平铺舒展，代表地道生育抚养万物，依循天时地利，象征以厚德载物。在决策上，应该顺从运势，守正静待，不宜急进，须以静制动为宜。事业发展上，要注重内心修养，广纳众意，以柔克刚为原则，力求和谐共生。经商求名上，同样要稳健行事，不宜冒险急进，在合作中共同完成事业。\n\n综上所述，坤卦意味着安稳、柔顺、温和、顺应天道，需要以厚德载物，以守正静待为策略，以诚信待人，收敛于己，力求温和和谐。"
坤卦的基本意义是什么？,"坤，，卦是周易中的一卦，代，表大地的形势，象征顺顺利利，顺应天道。它由两个坤卦叠加而成，，，全为阴卦，具有纯阴性，质。在卜问、中，坤卦预示着利于雌马的贞正之，，象，吉利的，，事情会发生。同时，出行需谨慎，起初可能会迷失方向，但最终会找到主人，带来吉利。前往西南会得到朋友，前往东北会失、去朋友。在安定的状态下，能够得到吉祥。

坤卦的形势平铺舒展，代表地道；生育抚养万，，物，依循天时地利，象征以厚德载物。在决策，，上，应该顺从运势，守正静待，不宜急进，须，，以静制动为宜。事业发，展上，要注重内心修养，广纳众意，以柔克刚，，为原则，力求和谐共生。经商求名上，同样要稳健行事，。不宜冒险急进，在合作中共同完成事业。

综上所述，坤卦意味着安稳、柔顺、温和、顺应天道，需要以厚德载物，以守正静待为策略，以诚信待人，收敛于；己，力求温。和和谐。""、

for、mat:""卦名:坤卦\n解释:坤卦是周易中的一卦，代表大地的形势，象征顺顺利利，顺应天道。，，它由两个坤卦叠加而成，全为阴卦，具有纯阴性质。在卜问中，坤卦预示着利于、雌马的贞正之象，吉利；的事情会发生。同时，出行需谨慎，，，起初可能，，会迷失方向，但最终会，，找到主人，带来吉利。，前往西南会得到朋友，前往东北会失去朋友。；在安定的状态下，能够得到吉祥。\n\n坤，，卦的形势平铺舒展，代；表地道生育抚养万物，、依循天时地利，象征以厚德载物。在决策上，，，应该顺从运，势，守正静待，不宜急。进，须以静制动为宜。；事业发展上，要注重内、心修养，广纳众意，以，，柔克刚为原则，力求和谐共生。经商求名上，同样要稳健行事，不宜冒险急进，在合作中共，，同完成事业。\n\n，综上所述，坤卦意味着安稳、柔顺、温和、顺应天道，需、要以厚德载物，以守正静待为策略，以诚信待；人，收敛于己，力求温和和谐。"
周易中坤卦的解释是什么？,"坤卦是周易中的一卦，代表大地的形势，象征顺顺利利，顺应天道。它由两个坤卦叠加而成，全为阴卦，具有纯阴性质。在卜问中，坤卦预示着利于雌马的贞正之象，吉利的事情会发生。同时，出行需谨慎，起初可能会迷失方向，但最终会找到主人，带来吉利。前往西南会得到朋友，前往东北会失去朋友。在安定的状态下，能够得到吉祥。

坤卦的形势平铺舒展，代表地道生育抚养万物，依循天时地利，象征以厚德载物。在决策上，应该顺从运势，守正静待，不宜急进，须以静制动为宜。事业发展上，要注重内心修养，广纳众意，以柔克刚为原则，力求和谐共生。经商求名上，同样要稳健行事，不宜冒险急进，在合作中共同完成事业。

综上所述，坤卦意味着安稳、柔顺、温和、顺应天道，需要以厚德载物，以守正静待为策略，以诚信待人，收敛于己，力求温和和谐。""

format:""卦名:坤卦\n解释:坤卦是周易中的一卦，代表大地的形势，象征顺顺利利，顺应天道。它由两个坤卦叠加而成，全为阴卦，具有纯阴性质。在卜问中，坤卦预示着利于雌马的贞正之象，吉利的事情会发生。同时，出行需谨慎，起初可能会迷失方向，但最终会找到主人，带来吉利。前往西南会得到朋友，前往东北会失去朋友。在安定的状态下，能够得到吉祥。\n\n坤卦的形势平铺舒展，代表地道生育抚养万物，依循天时地利，象征以厚德载物。在决策上，应该顺从运势，守正静待，不宜急进，须以静制动为宜。事业发展上，要注重内心修养，广纳众意，以柔克刚为原则，力求和谐共生。经商求名上，同样要稳健行事，不宜冒险急进，在合作中共同完成事业。\n\n综上所述，坤卦意味着安稳、柔顺、温和、顺应天道，需要以厚德载物，以守正静待为策略，以诚信待人，收敛于己，力求温和和谐。"
坤卦在周易中代表了哪些方面？,"坤卦是周易中的一卦，代表大地的形势，象征顺顺利利，顺应天道。它由两个坤卦叠加而成，全为阴卦，具有纯阴性质。在卜问中，坤卦预示着利于雌马的贞正之象，吉利的事情会发生。同时，出行需谨慎，起初可能会迷失方向，但最终会找到主人，带来吉利。前往西南会得到朋友，前往东北会失去朋友。在安定的状态下，能够得到吉祥。

坤卦的形势平铺舒展，代表地道生育抚养万物，依循天时地利，象征以厚德载物。在决策上，应该顺从运势，守正静待，不宜急进，须以静制动为宜。事业发展上，要注重内心修养，广纳众意，以柔克刚为原则，力求和谐共生。经商求名上，同样要稳健行事，不宜冒险急进，在合作中共同完成事业。

综上所述，坤卦意味着安稳、柔顺、温和、顺应天道，需要以厚德载物，以守正静待为策略，以诚信待人，收敛于己，力求温和和谐。""

format:""卦名:坤卦\n解释:坤卦是周易中的一卦，代表大地的形势，象征顺顺利利，顺应天道。它由两个坤卦叠加而成，全为阴卦，具有纯阴性质。在卜问中，坤卦预示着利于雌马的贞正之象，吉利的事情会发生。同时，出行需谨慎，起初可能会迷失方向，但最终会找到主人，带来吉利。前往西南会得到朋友，前往东北会失去朋友。在安定的状态下，能够得到吉祥。\n\n坤卦的形势平铺舒展，代表地道生育抚养万物，依循天时地利，象征以厚德载物。在决策上，应该顺从运势，守正静待，不宜急进，须以静制动为宜。事业发展上，要注重内心修养，广纳众意，以柔克刚为原则，力求和谐共生。经商求名上，同样要稳健行事，不宜冒险急进，在合作中共同完成事业。\n\n综上所述，坤卦意味着安稳、柔顺、温和、顺应天道，需要以厚德载物，以守正静待为策略，以诚信待人，收敛于己，力求温和和谐。"
坤卦涉及哪些哲学思想？,"坤卦是周易中的一卦，代表大地的形势，象征顺顺利利，顺应天道。它由两个坤卦叠加而成，全为阴卦，具有纯阴性质。在卜问中，坤卦预示着利于雌马的贞正之象，吉利的事情会发生。同时，出行需谨慎，起初可能会迷失方向，但最终会找到主人，带来吉利。前往西南会得到朋友，前往东北会失去朋友。在安定的状态下，能够得到吉祥。

坤卦的形势平铺舒展，代表地道生育抚养万物，依循天时地利，象征以厚德载物。在决策上，应该顺从运势，守正静待，不宜急进，须以静制动为宜。事业发展上，要注重内心修养，广纳众意，以柔克刚为原则，力求和谐共生。经商求名上，同样要稳健行事，不宜冒险急进，在合作中共同完成事业。

综上所述，坤卦意味着安稳、柔顺、温和、顺应天道，需要以厚德载物，以守正静待为策略，以诚信待人，收敛于己，力求温和和谐。""

format:""卦名:坤卦\n解释:坤卦是周易中的一卦，代表大地的形势，象征顺顺利利，顺应天道。它由两个坤卦叠加而成，全为阴卦，具有纯阴性质。在卜问中，坤卦预示着利于雌马的贞正之象，吉利的事情会发生。同时，出行需谨慎，起初可能会迷失方向，但最终会找到主人，带来吉利。前往西南会得到朋友，前往东北会失去朋友。在安定的状态下，能够得到吉祥。\n\n坤卦的形势平铺舒展，代表地道生育抚养万物，依循天时地利，象征以厚德载物。在决策上，应该顺从运势，守正静待，不宜急进，须以静制动为宜。事业发展上，要注重内心修养，广纳众意，以柔克刚为原则，力求和谐共生。经商求名上，同样要稳健行事，不宜冒险急进，在合作中共同完成事业。\n\n综上所述，坤卦意味着安稳、柔顺、温和、顺应天道，需要以厚德载物，以守正静待为策略，以诚信待人，收敛于己，力求温和和谐。"
周易中坤卦的象征意义是什么？,"坤卦是周易中的一卦，代表大地的形势，象征顺顺利利，顺应天道。它由两个坤卦叠加而成，全为阴卦，具有纯阴性质。在卜问中，坤卦预示着利于雌马的贞正之象，吉利的事情会发生。同时，出行需谨慎，起初可能会迷失方向，但最终会找到主人，带来吉利。前往西南会得到朋友，前往东北会失去朋友。在安定的状态下，能够得到吉祥。

坤卦的形势平铺舒展，代表地道生育抚养万物，依循天时地利，象征以厚德载物。在决策上，应该顺从运势，守正静待，不宜急进，须以静制动为宜。事业发展上，要注重内心修养，广纳众意，以柔克刚为原则，力求和谐共生。经商求名上，同样要稳健行事，不宜冒险急进，在合作中共同完成事业。

综上所述，坤卦意味着安稳、柔顺、温和、顺应天道，需要以厚德载物，以守正静待为策略，以诚信待人，收敛于己，力求温和和谐。""

format:""卦名:坤卦\n解释:坤卦是周易中的一卦，代表大地的形势，象征顺顺利利，顺应天道。它由两个坤卦叠加而成，全为阴卦，具有纯阴性质。在卜问中，坤卦预示着利于雌马的贞正之象，吉利的事情会发生。同时，出行需谨慎，起初可能会迷失方向，但最终会找到主人，带来吉利。前往西南会得到朋友，前往东北会失去朋友。在安定的状态下，能够得到吉祥。\n\n坤卦的形势平铺舒展，代表地道生育抚养万物，依循天时地利，象征以厚德载物。在决策上，应该顺从运势，守正静待，不宜急进，须以静制动为宜。事业发展上，要注重内心修养，广纳众意，以柔克刚为原则，力求和谐共生。经商求名上，同样要稳健行事，不宜冒险急进，在合作中共同完成事业。\n\n综上所述，坤卦意味着安稳、柔顺、温和、顺应天道，需要以厚德载物，以守正静待为策略，以诚信待人，收敛于己，力求温和和谐。"
坤卦的主要讲述内容是什么？,"坤，，卦是周易中、的一卦，代表大地的形，，势，象征顺，顺利利，顺应天道。它由两个坤卦叠加而成，全为阴卦，具有纯阴性质。在卜问中，坤卦预，示着利于雌马的贞正之象，吉利的事情会发生。同时，出行需谨慎，起初可能会，，迷失方向，但最终会找；到主人，带来吉利。前、往西南会得到朋友，前往东北会失去朋友。在安定的状态下，能够得，，到吉祥。
。
坤卦的形，，势平铺舒展，代表地道生育抚养万物，依循天时地利，象征以厚德载；物。在决策、上，应该顺从运势，守。正静待，不宜急进，须以静制动为宜。事业发展上，要注重内心修养、，广纳众意，，，以柔克刚为原则，力、求和谐共生。经商求名上，同样要稳健行事，不宜冒险急进，在合作中共同完成、事业。

综上所述，坤卦意味着安稳、柔順、温和、顺应天道，需要以厚德载物，以守正静待为策略，以诚信待。人，收敛于，，己，力求温和和谐。""。

for，，mat:""卦名:坤卦。\n解释:坤卦是周易中的一卦，；代表大地的形势，象征顺顺利利，顺应天道。它由两个坤。卦叠加而成，全为阴卦，，，具有纯阴，，性质。在卜。问中，坤卦。预示着利于雌马的贞正之象，吉利的事情会发生。同时，出行需谨慎，起初可能会迷失方向，但最终会，，找到主人，带来吉利。前往西南会；得到朋友，前往东北会失去朋友。在安定的状，，态下，能够、得到吉祥。\n\n坤卦的形势平；铺舒展，代表地道生育。抚养万物，依循天时地利，象征以厚德载物。在决策上，应该顺从运，，势，守正静待，不宜急进，须以静制动为宜。事业发展上。，要注重内心修养，广纳众意，以；柔克刚为原则，力求和谐共生。经，，商求名上，同样要稳健行事，不宜冒险急进，在合作中共同完成事业。\n\n综上所述，坤卦意味着安稳、柔順、温和、顺。应天道，需要以厚德载，，物，以守正静待为策略，以诚信待，人，收敛于己，力求温，和和谐。"
周易坤卦的核心思想是什么？,"坤卦是周易中的一卦，代表大地的形势，象征顺顺利利，顺应天道。它由两个坤卦叠加而成，全为阴卦，具有纯阴性质。在卜问中，坤卦预示着利于雌马的贞正之象，吉利的事情会发生。同时，出行需谨慎，起初可能会迷失方向，但最终会找到主人，带来吉利。前往西南会得到朋友，前往东北会失去朋友。在安定的状态下，能够得到吉祥。

坤卦的形势平铺舒展，代表地道生育抚养万物，依循天时地利，象征以厚德载物。在决策上，应该顺从运势，守正静待，不宜急进，须以静制动为宜。事业发展上，要注重内心修养，广纳众意，以柔克刚为原则，力求和谐共生。经商求名上，同样要稳健行事，不宜冒险急进，在合作中共同完成事业。

综上所述，坤卦意味着安稳、柔顺、温和、顺应天道，需要以厚德载物，以守正静待为策略，以诚信待人，收敛于己，力求温和和谐。""

format:""卦名:坤卦\n解释:坤卦是周易中的一卦，代表大地的形势，象征顺顺利利，顺应天道。它由两个坤卦叠加而成，全为阴卦，具有纯阴性质。在卜问中，坤卦预示着利于雌马的贞正之象，吉利的事情会发生。同时，出行需谨慎，起初可能会迷失方向，但最终会找到主人，带来吉利。前往西南会得到朋友，前往东北会失去朋友。在安定的状态下，能够得到吉祥。\n\n坤卦的形势平铺舒展，代表地道生育抚养万物，依循天时地利，象征以厚德载物。在决策上，应该顺从运势，守正静待，不宜急进，须以静制动为宜。事业发展上，要注重内心修养，广纳众意，以柔克刚为原则，力求和谐共生。经商求名上，同样要稳健行事，不宜冒险急进，在合作中共同完成事业。\n\n综上所述，坤卦意味着安稳、柔顺、温和、顺应天道，需要以厚德载物，以守正静待为策略，以诚信待人，收敛于己，力求温和和谐。"
坤卦和启蒙教育之间有何联系？,"坤卦是周易中的一卦，代表大地的形势，象征顺顺利利，顺应天道。它由两个坤卦叠加而成，全为阴卦，具有纯阴性质。在卜问中，坤卦预示着利于雌马的贞正之象，吉利的事情会发生。同时，出行需谨慎，起初可能会迷失方向，但最终会找到主人，带来吉利。前往西南会得到朋友，前往东北会失去朋友。在安定的状态下，能够得到吉祥。

坤卦的形势平铺舒展，代表地道生育抚养万物，依循天时地利，象征以厚德载物。在决策上，应该顺从运势，守正静待，不宜急进，须以静制动为宜。事业发展上，要注重内心修养，广纳众意，以柔克刚为原则，力求和谐共生。经商求名上，同样要稳健行事，不宜冒险急进，在合作中共同完成事业。

综上所述，坤卦意味着安稳、柔顺、温和、顺应天道，需要以厚德载物，以守正静待为策略，以诚信待人，收敛于己，力求温和和谐。""

format:""卦名:坤卦\n解释:坤卦是周易中的一卦，代表大地的形势，象征顺顺利利，顺应天道。它由两个坤卦叠加而成，全为阴卦，具有纯阴性质。在卜问中，坤卦预示着利于雌马的贞正之象，吉利的事情会发生。同时，出行需谨慎，起初可能会迷失方向，但最终会找到主人，带来吉利。前往西南会得到朋友，前往东北会失去朋友。在安定的状态下，能够得到吉祥。\n\n坤卦的形势平铺舒展，代表地道生育抚养万物，依循天时地利，象征以厚德载物。在决策上，应该顺从运势，守正静待，不宜急进，须以静制动为宜。事业发展上，要注重内心修养，广纳众意，以柔克刚为原则，力求和谐共生。经商求名上，同样要稳健行事，不宜冒险急进，在合作中共同完成事业。\n\n综上所述，坤卦意味着安稳、柔顺、温和、顺应天道，需要以厚德载物，以守正静待为策略，以诚信待人，收敛于己，力求温和和谐。"
在周易中，坤卦象征着什么？,"坤卦是周易中的一卦，代；表大地的形势，象征顺顺利利，顺应天道。它由两个坤卦叠加而成，全为阴卦，具有纯阴性质。在卜问中，坤卦预示着利于雌马的贞正之象，吉利的事情会发生。同时，出行需谨慎，起初可能会迷失方向，但最终会找。到主人，带来吉利。前往西南会得到朋友，前往东北会失去朋友。在安定的状态，，下，能够得到吉祥。

坤卦的形势平铺舒展，代表地道；生育抚养万，物，依循天、时地利，象，征以厚德载物。在决策上，应该顺从运势，守正静待，不。宜急进，须，以静制动为宜。事业发展上，要注重内心修养；，广纳众意，以柔克刚为原则，力求和谐共生。经商求名上，同样要稳健行事，；不宜冒险急进，在合作中共同完成事业。

；综上所述，，坤卦意味着、安稳、柔顺，、温和、顺。应天道，需要以厚德载，物，以守正静待为策略，以诚信待，，人，收敛于己，力求温和和谐。""

format:""卦名:坤卦\n解释:坤卦是周易、中的一卦，。代表大地的形势，象征顺顺利利，顺应天道。它由两个坤卦叠加而成，，全为阴卦，，，具有纯阴性质。在卜问中，坤卦，预示着利于雌马的贞正，，之象，吉利的事情会发。生。同时，、出行需谨慎，起初可能会迷失方向；，但最终会找到主人，带来吉利。，，前往西南会得到朋友，前往东北会失去朋友。，在安定的状；态下，能够、得到吉祥。\n\n坤，卦的形势平、铺舒展，代表地道生育抚养万物，依循天时地，利，象征以厚德载物。在决策上，应该顺从运势，守正静待，不宜急进，须以静制动为宜。事业发展上，，要注重内心修养，广纳众意，以柔克刚为原则，力求和谐共生。经；商求名上，。同样要稳健行事，不宜冒险急进，；在合作中共；同完成事业。。\n\n综上所述，，坤卦意味着，，安稳、柔顺、温和、顺应天道，需；要以厚德载物，以守正，，静待为策略，以诚信待人，收敛于。己，力求温，，和和谐。"
请描述坤卦的含义。,"坤卦是周易中的一卦，代表大地的形势，象征顺顺利利，顺应天道。它由两个坤卦叠加而成，全为阴卦，具有纯阴性质。在卜问中，坤卦预示着利于雌马的贞正之象，吉利的事情会发生。同时，出行需谨慎，起初可能会迷失方向，但最终会找到主人，带来吉利。前往西南会得到朋友，前往东北会失去朋友。在安定的状态下，能够得到吉祥。

坤卦的形势平铺舒展，代表地道生育抚养万物，依循天时地利，象征以厚德载物。在决策上，应该顺从运势，守正静待，不宜急进，须以静制动为宜。事业发展上，要注重内心修养，广纳众意，以柔克刚为原则，力求和谐共生。经商求名上，同样要稳健行事，不宜冒险急进，在合作中共同完成事业。

综上所述，坤卦意味着安稳、柔顺、温和、顺应天道，需要以厚德载物，以守正静待为策略，以诚信待人，收敛于己，力求温和和谐。""

format:""卦名:坤卦\n解释:坤卦是周易中的一卦，代表大地的形势，象征顺顺利利，顺应天道。它由两个坤卦叠加而成，全为阴卦，具有纯阴性质。在卜问中，坤卦预示着利于雌马的贞正之象，吉利的事情会发生。同时，出行需谨慎，起初可能会迷失方向，但最终会找到主人，带来吉利。前往西南会得到朋友，前往东北会失去朋友。在安定的状态下，能够得到吉祥。\n\n坤卦的形势平铺舒展，代表地道生育抚养万物，依循天时地利，象征以厚德载物。在决策上，应该顺从运势，守正静待，不宜急进，须以静制动为宜。事业发展上，要注重内心修养，广纳众意，以柔克刚为原则，力求和谐共生。经商求名上，同样要稳健行事，不宜冒险急进，在合作中共同完成事业。\n\n综上所述，坤卦意味着安稳、柔顺、温和、顺应天道，需要以厚德载物，以守正静待为策略，以诚信待人，收敛于己，力求温和和谐。"
坤卦在周易哲学中扮演什么角色？,"堃卦是周易中的一卦，代表大地的形势，象征顺；顺利利，顺应天道。它由两个堃卦，叠加而成，、全为阴卦，具有纯阴性质。在卜问中，堃卦预示着利于雌马的贞正之象，吉利的事情会发生。同时，出行需谨慎，起初可能会迷失方向，但最终会找；到主人，带；来吉利。前；往西南会得到朋友，前往东北会失去朋友。在安定的状态下，能够得到吉祥。

堃卦的形，，势平铺舒展，代表地道生育抚养万；物，依循天；时地利，象。征以厚德载物。在决策上，应该顺；从运势，守正静待，不，，宜急进，须以静制动为宜。事业发展上，要注重内心修养，广纳众意，以柔克刚为原则，力求和谐共生。经商求名上，同样要，稳健行事，、不宜冒险急进，在合作中共同完成事业。

，综上所述，堃卦意味着安稳、柔顺、温和、顺，应天道，需、要以厚德载物，以守正；静待为策略，以诚信待人，收敛于，己，力求温和和谐。""

format:""卦名:堃卦\n解释:、堃卦是周易中的一卦，代表大地的形势，象征顺顺利利，，，顺应天道。；它由两个堃卦叠加而成，全为阴卦；，具有纯阴性质。在卜问中，堃卦预示着利于雌马的贞正之象，吉利；的事情会发生。同时，出行需谨慎，起初可能；会迷失方向，，，但最终会找到主人，带来吉利。前往西南会得到朋友，前往东北会失去朋友。在安定的状态下，能够、得到吉祥。。\n\n堃卦的形势平铺舒展，代表地道生育抚养万物，依循天时地利，象征以厚德载物。在决策上，应该顺从运势，守正静待，不宜急进，须以静、制动为宜。事业发展上，要注重内，，心修养，广纳众意，以柔克刚为原则，力求和。谐共生。经；商求名上，同样要稳健、行事，不宜冒险急进，在合作中共。同完成事业。\n\n综上所述，堃卦意味着安稳、柔顺、温和、顺应天道，需要以厚德载，，物，以守正、静待为策略，以诚信待人，收敛于己，力求温和和谐。"
"""乾卦代表什么？","""乾卦""
summary: ""《易经》中的乾卦是六十四卦中的首卦，象征天，由六个阳爻组成，代表着刚健强劲的特性。其卦辞为“元、亨、利、贞”，预示着吉祥如意，同时也教导人们遵守天道的德行。乾卦所蕴含的核心哲学是：天道刚健，运行不已，君子观此卦象，从而以天为法，自强不息。""

comment: ""在传统解卦中，乾卦预示着大吉大利，事业如日中天，但也提醒要警惕盛极必衰的道理。经商方面顺利发展，但要冷静分析形势，坚持商业道德。对于婚恋，尽管阳盛阴衰，但刚柔可相济，最终形成美满结果。总体而言，乾卦代表着充满活力和力量的时机，但也需要保持谦逊谨慎的态度，以应对可能出现的困难。"
"周易中的""乾卦含义是什么？","""乾卦""
summary: ""《易经》中的乾卦是六十四卦中的首卦，象征天，由六个阳爻组成，代表着刚健强劲的特性。其卦辞为“元、亨、利、贞”，预示着吉祥如意，同时也教导人们遵守天道的德行。乾卦所蕴含的核心哲学是：天道刚健，运行不已，君子观此卦象，从而以天为法，自强不息。""

comment: ""在传统解卦中，乾卦预示着大吉大利，事业如日中天，但也提醒要警惕盛极必衰的道理。经商方面顺利发展，但要冷静分析形势，坚持商业道德。对于婚恋，尽管阳盛阴衰，但刚柔可相济，最终形成美满结果。总体而言，乾卦代表着充满活力和力量的时机，但也需要保持谦逊谨慎的态度，以应对可能出现的困难。"
"请解释一下""乾卦。","""乾卦""
summary: ""《易经》中的乾卦是六十四卦中的首卦，象征天，由六个阳爻组成，代表着刚健强劲的特性。其卦辞为“元、亨、利、贞”，预示着吉祥如意，同时也教导人们遵守天道的德行。乾卦所蕴含的核心哲学是：天道刚健，运行不已，君子观此卦象，从而以天为法，自强不息。""

comment: ""在传统解卦中，乾卦预示着大吉大利，事业如日中天，但也提醒要警惕盛极必衰的道理。经商方面顺利发展，但要冷静分析形势，坚持商业道德。对于婚恋，尽管阳盛阴衰，但刚柔可相济，最终形成美满结果。总体而言，乾卦代表着充满活力和力量的时机，但也需要保持谦逊谨慎的态度，以应对可能出现的困难。"
"""乾卦在周易中是什么象征？","""乾卦""
summary: ""《易经》中的乾卦是六十四卦中的首卦，象征天，由六个阳爻组成，代表着刚健强劲的特性。其卦辞为“元、亨、利、贞”，预示着吉祥如意，同时也教导人们遵守天道的德行。乾卦所蕴含的核心哲学是：天道刚健，运行不已，君子观此卦象，从而以天为法，自强不息。""

comment: ""在传统解卦中，乾卦预示着大吉大利，事业如日中天，但也提醒要警惕盛极必衰的道理。经商方面顺利发展，但要冷静分析形势，坚持商业道德。对于婚恋，尽管阳盛阴衰，但刚柔可相济，最终形成美满结果。总体而言，乾卦代表着充满活力和力量的时机，但也需要保持谦逊谨慎的态度，以应对可能出现的困难。"
"周易""乾卦的深层含义是什么？","""乾卦""
summary: ""《易经》中的乾卦是六十四卦中的首卦，象征天，由六个阳爻组成，代表着刚健强劲的特性。其卦辞为“元、亨、利、贞”，预示着吉祥如意，同时也教导人们遵守天道的德行。乾卦所蕴含的核心哲学是：天道刚健，运行不已，君子观此卦象，从而以天为法，自强不息。""

comment: ""在传统解卦中，乾卦预示着大吉大利，事业如日中天，但也提醒要警惕盛极必衰的道理。经商方面顺利发展，但要冷静分析形势，坚持商业道德。对于婚恋，尽管阳盛阴衰，但刚柔可相济，最终形成美满结果。总体而言，乾卦代表着充满活力和力量的时机，但也需要保持谦逊谨慎的态度，以应对可能出现的困难。"
"""乾卦和教育启蒙有什么联系？","""乾卦""
summary: ""《易经》中的乾卦是六十四卦中的首卦，象征天，由六个阳爻组成，代表着刚健强劲的特性。其卦辞为“元、亨、利、贞”，预示着吉祥如意，同时也教导人们遵守天道的德行。乾卦所蕴含的核心哲学是：天道刚健，运行不已，君子观此卦象，从而以天为法，自强不息。""

comment: ""在传统解卦中，乾卦预示着大吉大利，事业如日中天，但也提醒要警惕盛极必衰的道理。经商方面顺利发展，但要冷静分析形势，坚持商业道德。对于婚恋，尽管阳盛阴衰，但刚柔可相济，最终形成美满结果。总体而言，乾卦代表着充满活力和力量的时机，但也需要保持谦逊谨慎的态度，以应对可能出现的困难。"
"周易的""乾卦讲述了什么？","""乾卦""
summary: ""《，，易经》中的乾卦是六十四卦中的首卦，象徵天，由六个阳爻组成，代表着刚建强劲的特性。其卦辞为“元、亨、利、贞”，预；示着吉祥如意，同时也教导人们遵守天道的德行。乾卦所蕴含的核心哲学是：天道刚建，运行不已，君子观此卦象，从而以天为法，自强不息。""

comm，，ent: ，""在传统解卦中，乾卦预示着大吉大利，事业如日中天，但也提醒要警惕盛极必衰的道理。经商方面顺。利发展，但要冷静分析形势，坚持商业道德。对于婚恋，、尽管阳盛阴衰，但刚柔，可相济，最终形成美满结果。总体而言，乾卦。代表着充满活力和力量的时机，但也需要保持，谦逊谨慎的态度，以应。对可能出现的困难。"
"""乾卦是怎样的一个卦象？","""乾卦""
summary: ""《易经》中的乾卦是六十四卦中的首卦，象徵天，由六个阳，，爻组成，代表着刚健强劲的特性。。其卦辞为“元、亨、利、贞”，预示着吉祥如；意，同时也教导人们遵守天道的德，，行。乾卦所；蕴含的核心哲学是：天；道刚健，运行不已，君子观此卦象；，从而以天为法，自强；不息。""

comm；ent: ""在传统解卦中，乾卦，预示着大吉大利，事业如日中天，但也提醒要警惕盛极必衰的道理。经商方面顺利发展，但要冷静分析形势，坚持商业道德。对于婚恋，尽管阳盛阴衰，但刚柔可相济，最终形成美满结果。总体而言，乾卦。代表着充满、活力和力量的时机，但也需要保持，，谦逊谨慎的态度，以应。对可能出现的困难。"
"""乾卦在周易中怎样表达教育的概念？","""乾卦""
summary: ""《易经》中的乾卦是六十四卦中的首卦，象征天，由六个阳爻组成，代表着刚健强劲的特性。其卦辞为“元、亨、利、贞”，预示着吉祥如意，同时也教导人们遵守天道的德行。乾卦所蕴含的核心哲学是：天道刚健，运行不已，君子观此卦象，从而以天为法，自强不息。""

comment: ""在传统解卦中，乾卦预示着大吉大利，事业如日中天，但也提醒要警惕盛极必衰的道理。经商方面顺利发展，但要冷静分析形势，坚持商业道德。对于婚恋，尽管阳盛阴衰，但刚柔可相济，最终形成美满结果。总体而言，乾卦代表着充满活力和力量的时机，但也需要保持谦逊谨慎的态度，以应对可能出现的困难。"
"""乾卦的基本意义是什么？","""乾卦""
summary: ""《易经》中的乾卦是六十四卦中的首卦，象征天，由六个阳爻组成，代表着刚健强劲的特性。其卦辞为“元、亨、利、贞”，预示着吉祥如意，同时也教导人们遵守天道的德行。乾卦所蕴含的核心哲学是：天道刚健，运行不已，君子观此卦象，从而以天为法，自强不息。""

comment: ""在传统解卦中，乾卦预示着大吉大利，事业如日中天，但也提醒要警惕盛极必衰的道理。经商方面顺利发展，但要冷静分析形势，坚持商业道德。对于婚恋，尽管阳盛阴衰，但刚柔可相济，最终形成美满结果。总体而言，乾卦代表着充满活力和力量的时机，但也需要保持谦逊谨慎的态度，以应对可能出现的困难。"
"周易中""乾卦的解释是什么？","""乾卦""
s。ummary: ""《。易经》中的乾卦是六十四卦中的首卦，象征天，由六个阳爻组成，代，表着刚健强劲的特性。其卦辞为“元、亨、利、贞”，预。示着吉祥如、意，同时也教导人们遵守天道的德行。乾卦所蕴含的核心哲学是：天道刚健，运。行不已，君，，子观此卦象，，从而以天；为法，自强不息。""
、
comment: 、""在传统解卦中，乾卦预示着大吉、大利，事业如日中天，但也提醒要、警惕盛极必。衰的道理。经商方面顺利发展，但、要冷静分析。形势，坚持；商业道德。对于婚恋，尽管阳盛阴衰，但刚柔，可相济，最终形成美满，结果。总体。而言，乾卦；代表着充满活力和力量的时机，但也需要保持谦逊谨慎的，态度，以应，对可能出现；的困难。"
"""乾卦在周易中代表了哪些方面？","""乾卦""
summary: ""《易经》中的乾卦是六十四卦中的首卦，象征天，由六个阳爻组成，代表着刚健强劲的特性。其卦辞为“元、亨、利、贞”，预示着吉祥如意，同时也教导人们遵守天道的德行。乾卦所蕴含的核心哲学是：天道刚健，运行不已，君子观此卦象，从而以天为法，自强不息。""

comment: ""在传统解卦中，乾卦预示着大吉大利，事业如日中天，但也提醒要警惕盛极必衰的道理。经商方面顺利发展，但要冷静分析形势，坚持商业道德。对于婚恋，尽管阳盛阴衰，但刚柔可相济，最终形成美满结果。总体而言，乾卦代表着充满活力和力量的时机，但也需要保持谦逊谨慎的态度，以应对可能出现的困难。"
"""乾卦涉及哪些哲学思想？","""，，乾卦""
summary: ""《、易经》中的乾卦是六十四卦中的首卦，象徵天，由六个阳，，爻组成，代表着刚健强劲的特性。其卦辞为“元、亨、利、贞”，预示着吉祥如、意，同时也教导人们遵守天道的德。行。乾卦所，，蕴含的核心哲学是：天道刚健，运行不已，君、子观此卦象，，，从而以天为法，自强不熄。""

comment: ；""在传统解卦中，乾卦预示着大吉大利，事业、如日中天，，，但也提醒要警惕盛极必衰的道理。经商方面顺利发展，但，要冷静分析形势，坚持，商业道德。对于婚恋，尽管阳盛阴衰，但刚柔。可相济，最，，终形成美满结果。总体，，而言，乾卦代表着充满活力和力量，，的时机，但也需要保持，，谦逊谨慎的态度，以应对可能出现，，的困难。"
"周易中""乾卦的象征意义是什么？","""幹卦""
summary: ""《，易经》中的幹卦是六十四卦中的首卦，象征天，由六个阳，爻组成，代表着刚健强，劲的特性。其卦辞为“元、亨、利、贞”，预示着吉祥如，意，同时也。教导人们遵守天道的德行。幹卦所蕴含的核心哲学是：天道刚健，运，行不已，君。子观此卦象，从而以天、为法，自强不息。""

comm，ent: ""在传统解卦中，幹卦；预示着大吉大利，事业；如日中天，但也提醒要警惕盛极必衰的道理。经商方面顺。利发展，但要冷静分析。形势，坚持，，商业道德。对于婚恋，尽管阳盛阴衰，但刚柔可相济，最终形成美满结果。总体而言，幹卦代表着充满活力和力量的时机，但也需要保持谦逊谨慎的态度，以应对可能出现、的困难。"
"""乾卦的主要讲述内容是什么？","""乾卦""
summary: ""《易经》中的乾卦是六十四卦中的首卦，象征天，由六个阳爻组成，代表着刚健强劲的特性。其卦辞为“元、亨、利、贞”，预示着吉祥如意，同时也教导人们遵守天道的德行。乾卦所蕴含的核心哲学是：天道刚健，运行不已，君子观此卦象，从而以天为法，自强不息。""

comment: ""在传统解卦中，乾卦预示着大吉大利，事业如日中天，但也提醒要警惕盛极必衰的道理。经商方面顺利发展，但要冷静分析形势，坚持商业道德。对于婚恋，尽管阳盛阴衰，但刚柔可相济，最终形成美满结果。总体而言，乾卦代表着充满活力和力量的时机，但也需要保持谦逊谨慎的态度，以应对可能出现的困难。"
"周易""乾卦的核心思想是什么？","""乾卦""
summary: ""《易经》中的乾卦是六十四卦中的首卦，象征天，由六个阳爻组成，代表着刚健强劲的特性。其卦辞为“元、亨、利、贞”，预示着吉祥如意，同时也教导人们遵守天道的德行。乾卦所蕴含的核心哲学是：天道刚健，运行不已，君子观此卦象，从而以天为法，自强不息。""

comment: ""在传统解卦中，乾卦预示着大吉大利，事业如日中天，但也提醒要警惕盛极必衰的道理。经商方面顺利发展，但要冷静分析形势，坚持商业道德。对于婚恋，尽管阳盛阴衰，但刚柔可相济，最终形成美满结果。总体而言，乾卦代表着充满活力和力量的时机，但也需要保持谦逊谨慎的态度，以应对可能出现的困难。"
"""乾卦和启蒙教育之间有何联系？","""乾卦""
summary: ""《易经》中的乾卦是六十四卦中的首卦，象征天，由六个阳爻组成，代表着刚健强劲的特性。其卦辞为“元、亨、利、贞”，预示着吉祥如意，同时也教导人们遵守天道的德行。乾卦所蕴含的核心哲学是：天道刚健，运行不已，君子观此卦象，从而以天为法，自强不息。""

comment: ""在传统解卦中，乾卦预示着大吉大利，事业如日中天，但也提醒要警惕盛极必衰的道理。经商方面顺利发展，但要冷静分析形势，坚持商业道德。对于婚恋，尽管阳盛阴衰，但刚柔可相济，最终形成美满结果。总体而言，乾卦代表着充满活力和力量的时机，但也需要保持谦逊谨慎的态度，以应对可能出现的困难。"
"在周易中，""乾卦象征着什么？","""乾卦""
summary: ""《易经》中的乾卦是六十四卦中的首卦，象征天，由六个阳爻组成，代表着刚健强劲的特性。其卦辞为“元、亨、利、贞”，预示着吉祥如意，同时也教导人们遵守天道的德行。乾卦所蕴含的核心哲学是：天道刚健，运行不已，君子观此卦象，从而以天为法，自强不息。""

comment: ""在传统解卦中，乾卦预示着大吉大利，事业如日中天，但也提醒要警惕盛极必衰的道理。经商方面顺利发展，但要冷静分析形势，坚持商业道德。对于婚恋，尽管阳盛阴衰，但刚柔可相济，最终形成美满结果。总体而言，乾卦代表着充满活力和力量的时机，但也需要保持谦逊谨慎的态度，以应对可能出现的困难。"
"请描述""乾卦的含义。","""乾卦""
summary: ""《易经》中的、乾卦是六十四卦中的首，卦，象征天，由六个阳，，爻组成，代表着刚健强劲的特性。其卦辞为“元、亨、利、贞”，预示着吉祥如意，同时也。教导人们遵守天道的德行。乾卦所蕴含的核心哲学是：天道刚健，运行不已，君子观此卦象，从而以天为法，自强不熄。""

comment: ""在传统解卦中，乾卦预示着大吉大利，事业如日中天，，，但也提醒要警惕盛极必，，衰的道理。、经商方面顺利发展，但要冷静分析形势，坚持商业道德。对于婚恋，尽管阳盛阴衰，但刚柔。可相济，最终形成美满结果。总体；而言，乾卦代表着充满活力和力量、的时机，但也需要保持谦逊谨慎的态度，以应、对可能出现的困难。"
"""乾卦在周易哲学中扮演什么角色？","""乾卦""
summary: ""《易经》中的乾卦是六十四卦中的首卦，象征天，由六个阳爻组成，代表着刚健强劲的特性。其卦辞为“元、亨、利、贞”，预示着吉祥如意，同时也教导人们遵守天道的德行。乾卦所蕴含的核心哲学是：天道刚健，运行不已，君子观此卦象，从而以天为法，自强不息。""

comment: ""在传统解卦中，乾卦预示着大吉大利，事业如日中天，但也提醒要警惕盛极必衰的道理。经商方面顺利发展，但要冷静分析形势，坚持商业道德。对于婚恋，尽管阳盛阴衰，但刚柔可相济，最终形成美满结果。总体而言，乾卦代表着充满活力和力量的时机，但也需要保持谦逊谨慎的态度，以应对可能出现的困难。"
